{"mc":{
	"21":{
		"frameRate":10,
		"labels":[
			{"name":"swimming","frame":1,"end":8}
			,{"name":"death","frame":9,"end":10}
			
			],
		"events":[
			
			],
		"frames":[
			
			{
			"res":"fish21_1_2",
			"x":92,
			"y":16
			},
			{
			"res":"fish21_1_3",
			"x":92,
			"y":16
			},
			{
			"res":"fish21_1_4",
			"x":91,
			"y":8
			},
			{
			"res":"fish21_1_5",
			"x":91,
			"y":9
			},
			{
			"res":"fish21_1_6",
			"x":95,
			"y":6
			},
			{
			"res":"fish21_1_7",
			"x":95,
			"y":7
			},
			{
			"res":"fish21_1_8",
			"x":97,
			"y":22
			},
			{
			"res":"fish21_1_9",
			"x":90,
			"y":1
			},
			{
			"res":"fish21_2_1",
			"x":81,
			"y":11
			},
			{
			"res":"fish21_2_2",
			"x":90,
			"y":13
			}
			]
},"22":{
		"frameRate":10,
		"labels":[
			{"name":"swimming","frame":1,"end":9}
			,{"name":"death","frame":10,"end":10}
			
			],
		"events":[
			
			],
		"frames":[
			
			{
			"res":"fish22_1_1",
			"x":5,
			"y":8
			},
			{
			"res":"fish22_1_2",
			"x":5,
			"y":8
			},
			{
			"res":"fish22_1_3",
			"x":5,
			"y":8
			},
			{
			"res":"fish22_1_4",
			"x":5,
			"y":8
			},
			{
			"res":"fish22_1_5",
			"x":5,
			"y":8
			},
			{
			"res":"fish22_1_6",
			"x":5,
			"y":8
			},
			{
			"res":"fish22_1_7",
			"x":5,
			"y":8
			},
			{
			"res":"fish22_1_8",
			"x":3,
			"y":8
			},
			{
			"res":"fish22_1_9",
			"x":5,
			"y":8
			},
			{
			"res":"fish22_2_1",
			"x":5,
			"y":8
			}
			]
},"24":{
		"frameRate":10,
		"labels":[
			{"name":"swimming","frame":1,"end":1}
			,{"name":"death","frame":2,"end":2}
			
			],
		"events":[
			
			],
		"frames":[
			
			{
			"res":"fish24_1_01",
			"x":57,
			"y":71,
			"duration":2
			}
			]
}},
	"res":{
		"fish21_1_2":{"x":773,"y":685,"w":173,"h":338},
		"fish21_2_1":{"x":394,"y":360,"w":194,"h":346},
		"fish24_1_01":{"x":0,"y":0,"w":281,"h":263},
		"fish21_1_3":{"x":688,"y":0,"w":202,"h":345},
		"fish22_1_7":{"x":502,"y":708,"w":52,"h":385},
		"fish21_1_5":{"x":200,"y":356,"w":192,"h":351},
		"fish22_1_9":{"x":948,"y":774,"w":51,"h":385},
		"fish21_1_8":{"x":688,"y":347,"w":202,"h":336},
		"fish21_1_7":{"x":0,"y":613,"w":184,"h":345},
		"fish22_1_3":{"x":949,"y":0,"w":52,"h":385},
		"fish21_1_4":{"x":283,"y":0,"w":202,"h":354},
		"fish22_1_4":{"x":294,"y":709,"w":52,"h":385},
		"fish22_2_1":{"x":948,"y":387,"w":52,"h":385},
		"fish22_1_8":{"x":892,"y":0,"w":55,"h":385},
		"fish21_2_2":{"x":0,"y":265,"w":198,"h":346},
		"fish22_1_5":{"x":448,"y":708,"w":52,"h":385},
		"fish22_1_2":{"x":394,"y":708,"w":52,"h":385},
		"fish21_1_6":{"x":590,"y":685,"w":181,"h":347},
		"fish21_1_9":{"x":487,"y":0,"w":199,"h":358},
		"fish22_1_6":{"x":186,"y":709,"w":52,"h":385},
		"fish22_1_1":{"x":240,"y":709,"w":52,"h":385}
	}}