{"mc":{
	"13":{
		"frameRate":10,
		"labels":[
			{"name":"swimming","frame":1,"end":12}
			,{"name":"death","frame":13,"end":15}
			
			],
		"events":[
			
			],
		"frames":[
			
			{
			"res":"fish13_1_01",
			"x":1,
			"y":1
			},
			{
			"res":"fish13_1_02",
			"x":2,
			"y":2
			},
			{
			"res":"fish13_1_03",
			"x":8,
			"y":3
			},
			{
			"res":"fish13_1_04",
			"x":14,
			"y":8
			},
			{
			"res":"fish13_1_05",
			"x":18,
			"y":14
			},
			{
			"res":"fish13_1_06",
			"x":18,
			"y":16
			},
			{
			"res":"fish13_1_07",
			"x":16,
			"y":16
			},
			{
			"res":"fish13_1_08",
			"x":8,
			"y":17
			},
			{
			"res":"fish13_1_09",
			"x":3,
			"y":17
			},
			{
			"res":"fish13_1_010",
			"x":1,
			"y":18
			},
			{
			"res":"fish13_1_011",
			"x":1,
			"y":17
			},
			{
			"res":"fish13_1_012",
			"x":2,
			"y":4
			},
			{
			"res":"fish13_2_01",
			"x":1,
			"y":8
			},
			{
			"res":"fish13_2_02",
			"x":15,
			"y":3
			},
			{
			"res":"fish13_2_03",
			"x":24,
			"y":0
			}
			]
},"14":{
		"frameRate":10,
		"labels":[
			{"name":"swimming","frame":1,"end":10}
			,{"name":"death","frame":11,"end":13}
			
			],
		"events":[
			
			],
		"frames":[
			
			{
			"res":"fish14_1_01",
			"x":7,
			"y":0
			},
			{
			"res":"fish14_1_02",
			"x":9,
			"y":1
			},
			{
			"res":"fish14_1_03",
			"x":9,
			"y":2
			},
			{
			"res":"fish14_1_04",
			"x":4,
			"y":2
			},
			{
			"res":"fish14_1_05",
			"x":2,
			"y":3
			},
			{
			"res":"fish14_1_06",
			"x":0,
			"y":3
			},
			{
			"res":"fish14_1_07",
			"x":1,
			"y":3
			},
			{
			"res":"fish14_1_08",
			"x":3,
			"y":2
			},
			{
			"res":"fish14_1_09",
			"x":4,
			"y":2
			},
			{
			"res":"fish14_1_010",
			"x":6,
			"y":0
			},
			{
			"res":"fish14_2_01",
			"x":29,
			"y":0
			},
			{
			"res":"fish14_2_02",
			"x":3,
			"y":13
			},
			{
			"res":"fish14_2_03",
			"x":8,
			"y":13
			}
			]
},"15":{
		"frameRate":10,
		"labels":[
			{"name":"swimming","frame":1,"end":12}
			,{"name":"death","frame":13,"end":15}
			
			],
		"events":[
			
			],
		"frames":[
			
			{
			"res":"fish15_1_01",
			"x":2,
			"y":5
			},
			{
			"res":"fish15_1_02",
			"x":3,
			"y":0
			},
			{
			"res":"fish15_1_03",
			"x":4,
			"y":2
			},
			{
			"res":"fish15_1_04",
			"x":5,
			"y":8
			},
			{
			"res":"fish15_1_05",
			"x":5,
			"y":16
			},
			{
			"res":"fish15_1_06",
			"x":5,
			"y":22
			},
			{
			"res":"fish15_1_07",
			"x":5,
			"y":23
			},
			{
			"res":"fish15_1_08",
			"x":5,
			"y":23
			},
			{
			"res":"fish15_1_09",
			"x":4,
			"y":24
			},
			{
			"res":"fish15_1_010",
			"x":3,
			"y":17
			},
			{
			"res":"fish15_1_011",
			"x":2,
			"y":10
			},
			{
			"res":"fish15_1_012",
			"x":2,
			"y":6
			},
			{
			"res":"fish15_2_01",
			"x":21,
			"y":1
			},
			{
			"res":"fish15_2_02",
			"x":6,
			"y":3
			},
			{
			"res":"fish15_2_03",
			"x":4,
			"y":2
			}
			]
}},
	"res":{
		"fish14_1_06":{"x":1510,"y":559,"w":285,"h":85},
		"fish13_1_07":{"x":629,"y":668,"w":203,"h":69},
		"fish13_1_010":{"x":1037,"y":722,"w":218,"h":63},
		"fish15_1_05":{"x":1666,"y":234,"w":205,"h":232},
		"fish13_1_03":{"x":0,"y":639,"w":211,"h":84},
		"fish15_2_01":{"x":1044,"y":245,"w":186,"h":246},
		"fish14_1_09":{"x":278,"y":456,"w":281,"h":90},
		"fish15_2_02":{"x":1461,"y":0,"w":203,"h":247},
		"fish15_1_03":{"x":209,"y":0,"w":206,"h":256},
		"fish15_1_012":{"x":627,"y":0,"w":208,"h":247},
		"fish14_1_08":{"x":813,"y":493,"w":282,"h":88},
		"fish14_1_03":{"x":1232,"y":473,"w":276,"h":90},
		"fish15_1_09":{"x":627,"y":249,"w":206,"h":221},
		"fish13_1_09":{"x":1006,"y":652,"w":216,"h":68},
		"fish15_1_010":{"x":1666,"y":0,"w":207,"h":232},
		"fish14_2_01":{"x":561,"y":472,"w":250,"h":100},
		"fish14_1_07":{"x":1097,"y":565,"w":284,"h":85},
		"fish13_2_01":{"x":1797,"y":559,"w":219,"h":84},
		"fish15_1_04":{"x":1254,"y":0,"w":205,"h":246},
		"fish13_1_08":{"x":213,"y":656,"w":211,"h":69},
		"fish13_2_02":{"x":1383,"y":646,"w":205,"h":78},
		"fish15_2_03":{"x":837,"y":0,"w":205,"h":247},
		"fish14_2_03":{"x":209,"y":258,"w":277,"h":100},
		"fish13_1_011":{"x":1788,"y":724,"w":218,"h":60},
		"fish13_1_01":{"x":567,"y":574,"w":218,"h":83},
		"fish13_2_03":{"x":1590,"y":646,"w":196,"h":78},
		"fish15_1_08":{"x":1232,"y":248,"w":205,"h":223},
		"fish14_1_02":{"x":0,"y":456,"w":276,"h":93},
		"fish14_1_05":{"x":0,"y":551,"w":283,"h":86},
		"fish15_1_07":{"x":1439,"y":249,"w":205,"h":220},
		"fish15_1_01":{"x":417,"y":0,"w":208,"h":249},
		"fish13_1_04":{"x":0,"y":262,"w":205,"h":78},
		"fish13_1_05":{"x":426,"y":659,"w":201,"h":71},
		"fish15_1_02":{"x":0,"y":0,"w":207,"h":260},
		"fish15_1_011":{"x":1044,"y":0,"w":208,"h":243},
		"fish14_1_010":{"x":0,"y":360,"w":279,"h":94},
		"fish14_1_04":{"x":1646,"y":468,"w":281,"h":89},
		"fish15_1_06":{"x":835,"y":249,"w":205,"h":221},
		"fish13_1_02":{"x":787,"y":583,"w":217,"h":83},
		"fish14_2_02":{"x":285,"y":574,"w":280,"h":80},
		"fish13_1_06":{"x":834,"y":722,"w":201,"h":69},
		"fish14_1_01":{"x":281,"y":360,"w":278,"h":94},
		"fish13_1_012":{"x":1797,"y":645,"w":217,"h":77}
	}}