{"mc":{
	"haidan":{
		"frameRate":10,
		"labels":[
			{"name":"swimming","frame":1,"end":14}
			
			],
		"events":[
			
			],
		"frames":[
			
			{
			"res":"haidan_1",
			"x":0,
			"y":0
			},
			{
			"res":"haidan_2",
			"x":0,
			"y":0
			},
			{
			"res":"haidan_3",
			"x":0,
			"y":0
			},
			{
			"res":"haidan_4",
			"x":1,
			"y":0
			},
			{
			"res":"haidan_5",
			"x":1,
			"y":0
			},
			{
			"res":"haidan_6",
			"x":0,
			"y":0
			},
			{
			"res":"haidan_7",
			"x":0,
			"y":0
			},
			{
			"res":"haidan_8",
			"x":0,
			"y":0
			},
			{
			"res":"haidan_9",
			"x":0,
			"y":0
			},
			{
			"res":"haidan_10",
			"x":0,
			"y":0
			},
			{
			"res":"haidan_11",
			"x":0,
			"y":0
			},
			{
			"res":"haidan_12",
			"x":0,
			"y":0
			},
			{
			"res":"haidan_13",
			"x":0,
			"y":0
			},
			{
			"res":"haidan_14",
			"x":0,
			"y":0
			}
			]
},"haixing":{
		"frameRate":10,
		"labels":[
			{"name":"swimming","frame":1,"end":14}
			
			],
		"events":[
			
			],
		"frames":[
			
			{
			"res":"haixing_1",
			"x":3,
			"y":1
			},
			{
			"res":"haixing_2",
			"x":2,
			"y":2
			},
			{
			"res":"haixing_3",
			"x":0,
			"y":4
			},
			{
			"res":"haixing_4",
			"x":0,
			"y":5
			},
			{
			"res":"haixing_5",
			"x":0,
			"y":5
			},
			{
			"res":"haixing_6",
			"x":0,
			"y":2
			},
			{
			"res":"haixing_7",
			"x":1,
			"y":1
			},
			{
			"res":"haixing_8",
			"x":3,
			"y":0
			},
			{
			"res":"haixing_9",
			"x":1,
			"y":0
			},
			{
			"res":"haixing_10",
			"x":0,
			"y":0
			},
			{
			"res":"haixing_11",
			"x":0,
			"y":0
			},
			{
			"res":"haixing_12",
			"x":0,
			"y":0
			},
			{
			"res":"haixing_13",
			"x":0,
			"y":0
			},
			{
			"res":"haixing_14",
			"x":0,
			"y":0
			}
			]
},"jbzGoldRotate":{
		"frameRate":35,
		"labels":[
			{"name":"start","frame":1,"end":12}
			
			],
		"events":[
			
			],
		"frames":[
			
			{
			"res":"gold_5_1",
			"x":0,
			"y":1
			},
			{
			"res":"gold_5_2",
			"x":0,
			"y":11
			},
			{
			"res":"gold_5_3",
			"x":0,
			"y":32
			},
			{
			"res":"gold_5_4",
			"x":0,
			"y":24
			},
			{
			"res":"gold_5_5",
			"x":0,
			"y":10
			},
			{
			"res":"gold_5_6",
			"x":0,
			"y":1
			},
			{
			"res":"gold_5_7",
			"x":0,
			"y":1
			},
			{
			"res":"gold_5_8",
			"x":0,
			"y":11
			},
			{
			"res":"gold_5_9",
			"x":0,
			"y":32
			},
			{
			"res":"gold_5_10",
			"x":0,
			"y":24
			},
			{
			"res":"gold_5_11",
			"x":0,
			"y":10
			},
			{
			"res":"gold_5_12",
			"x":0,
			"y":1
			}
			]
},"loading":{
		"frameRate":24,
		"labels":[
			{"name":"run","frame":1,"end":8}
			
			],
		"events":[
			
			],
		"frames":[
			
			{
			"res":"loading01",
			"x":0,
			"y":0
			},
			{
			"res":"loading02",
			"x":0,
			"y":0
			},
			{
			"res":"loading03",
			"x":0,
			"y":0
			},
			{
			"res":"loading04",
			"x":0,
			"y":0
			},
			{
			"res":"loading05",
			"x":0,
			"y":0
			},
			{
			"res":"loading06",
			"x":0,
			"y":0
			},
			{
			"res":"loading07",
			"x":0,
			"y":0
			},
			{
			"res":"loading08",
			"x":0,
			"y":0
			}
			]
}},
	"res":{
		"haixing_8":{"x":888,"y":269,"w":81,"h":85},
		"haidan_11":{"x":2,"y":545,"w":175,"h":177},
		"haidan_5":{"x":181,"y":726,"w":174,"h":177},
		"haidan_3":{"x":360,"y":2,"w":175,"h":177},
		"gold_5_6":{"x":537,"y":794,"w":78,"h":77},
		"haidan_1":{"x":181,"y":183,"w":175,"h":177},
		"haixing_10":{"x":887,"y":447,"w":84,"h":82},
		"gold_5_10":{"x":494,"y":956,"w":78,"h":37},
		"loading07":{"x":536,"y":535,"w":172,"h":172},
		"loading04":{"x":536,"y":183,"w":172,"h":172},
		"haixing_12":{"x":537,"y":711,"w":84,"h":79},
		"gold_5_7":{"x":2,"y":907,"w":78,"h":71},
		"haidan_13":{"x":2,"y":726,"w":175,"h":177},
		"loading03":{"x":360,"y":359,"w":172,"h":172},
		"haixing_2":{"x":887,"y":359,"w":82,"h":84},
		"gold_5_12":{"x":537,"y":875,"w":78,"h":77},
		"haixing_1":{"x":897,"y":2,"w":81,"h":84},
		"haidan_12":{"x":718,"y":2,"w":175,"h":177},
		"loading01":{"x":360,"y":183,"w":172,"h":172},
		"loading06":{"x":536,"y":359,"w":172,"h":172},
		"haixing_5":{"x":897,"y":90,"w":84,"h":81},
		"gold_5_11":{"x":248,"y":907,"w":78,"h":65},
		"gold_5_8":{"x":412,"y":907,"w":78,"h":49},
		"loading05":{"x":712,"y":535,"w":172,"h":172},
		"haidan_2":{"x":181,"y":545,"w":175,"h":177},
		"gold_5_4":{"x":330,"y":960,"w":78,"h":37},
		"haixing_4":{"x":888,"y":533,"w":84,"h":81},
		"haixing_3":{"x":888,"y":183,"w":84,"h":82},
		"haidan_10":{"x":2,"y":2,"w":175,"h":177},
		"loading08":{"x":360,"y":535,"w":172,"h":172},
		"haixing_14":{"x":799,"y":448,"w":84,"h":82},
		"haixing_11":{"x":888,"y":702,"w":84,"h":80},
		"haidan_4":{"x":359,"y":726,"w":174,"h":177},
		"gold_5_2":{"x":330,"y":907,"w":78,"h":49},
		"gold_5_5":{"x":166,"y":907,"w":78,"h":65},
		"haixing_13":{"x":888,"y":618,"w":84,"h":80},
		"gold_5_3":{"x":412,"y":976,"w":78,"h":12},
		"haidan_6":{"x":2,"y":183,"w":175,"h":177},
		"gold_5_1":{"x":84,"y":907,"w":78,"h":71},
		"haidan_8":{"x":2,"y":364,"w":175,"h":177},
		"gold_5_9":{"x":412,"y":960,"w":78,"h":12},
		"loading02":{"x":712,"y":183,"w":172,"h":172},
		"haixing_6":{"x":712,"y":359,"w":84,"h":84},
		"haixing_9":{"x":712,"y":447,"w":83,"h":84},
		"haidan_14":{"x":181,"y":2,"w":175,"h":177},
		"haidan_9":{"x":539,"y":2,"w":175,"h":177},
		"haidan_7":{"x":181,"y":364,"w":175,"h":177},
		"haixing_7":{"x":800,"y":359,"w":83,"h":85}
	}}