{"mc":{
	"18":{
		"frameRate":10,
		"labels":[
			{"name":"swimming","frame":1,"end":9}
			,{"name":"death","frame":10,"end":12}
			
			],
		"events":[
			
			],
		"frames":[
			
			{
			"res":"fish18_1_01",
			"x":9,
			"y":16
			},
			{
			"res":"fish18_1_02",
			"x":7,
			"y":15
			},
			{
			"res":"fish18_1_03",
			"x":10,
			"y":14
			},
			{
			"res":"fish18_1_04",
			"x":19,
			"y":12
			},
			{
			"res":"fish18_1_05",
			"x":10,
			"y":16
			},
			{
			"res":"fish18_1_06",
			"x":7,
			"y":21
			},
			{
			"res":"fish18_1_07",
			"x":10,
			"y":21
			},
			{
			"res":"fish18_1_08",
			"x":7,
			"y":29
			},
			{
			"res":"fish18_1_09",
			"x":7,
			"y":25
			},
			{
			"res":"fish18_2_01",
			"x":10,
			"y":20
			},
			{
			"res":"fish18_2_02",
			"x":11,
			"y":18
			},
			{
			"res":"fish18_2_03",
			"x":13,
			"y":18
			}
			]
},"19":{
		"frameRate":10,
		"labels":[
			{"name":"swimming","frame":1,"end":6}
			,{"name":"death","frame":7,"end":8}
			
			],
		"events":[
			
			],
		"frames":[
			
			{
			"res":"fish19_1_6",
			"x":50,
			"y":7
			},
			{
			"res":"fish19_1_1",
			"x":49,
			"y":5
			},
			{
			"res":"fish19_1_2",
			"x":50,
			"y":8
			},
			{
			"res":"fish19_1_3",
			"x":43,
			"y":7
			},
			{
			"res":"fish19_1_4",
			"x":50,
			"y":7
			},
			{
			"res":"fish19_1_5",
			"x":47,
			"y":7
			},
			{
			"res":"fish19_1_1",
			"x":49,
			"y":5
			},
			{
			"res":"fish19_1_6",
			"x":50,
			"y":7
			}
			]
},"20":{
		"frameRate":10,
		"labels":[
			{"name":"swimming","frame":1,"end":5}
			,{"name":"death","frame":6,"end":6}
			
			],
		"events":[
			
			],
		"frames":[
			
			{
			"res":"fish20_1_01",
			"x":0,
			"y":0
			},
			{
			"res":"fish20_1_02",
			"x":0,
			"y":0
			},
			{
			"res":"fish20_1_03",
			"x":0,
			"y":1
			},
			{
			"res":"fish20_1_05",
			"x":0,
			"y":0
			},
			{
			"res":"fish20_1_06",
			"x":0,
			"y":0
			},
			{
			"res":"fish20_2_01",
			"x":0,
			"y":0
			}
			]
},"23":{
		"frameRate":10,
		"labels":[
			{"name":"swimming","frame":1,"end":9}
			,{"name":"death","frame":10,"end":10}
			
			],
		"events":[
			
			],
		"frames":[
			
			{
			"res":"fish23_1_1",
			"x":64,
			"y":45
			},
			{
			"res":"fish23_1_2",
			"x":72,
			"y":57
			},
			{
			"res":"fish23_1_3",
			"x":97,
			"y":61
			},
			{
			"res":"fish23_1_4",
			"x":94,
			"y":64
			},
			{
			"res":"fish23_1_5",
			"x":75,
			"y":61
			},
			{
			"res":"fish23_1_6",
			"x":64,
			"y":47
			},
			{
			"res":"fish23_1_7",
			"x":67,
			"y":46
			},
			{
			"res":"fish23_1_8",
			"x":67,
			"y":55
			},
			{
			"res":"fish23_1_9",
			"x":90,
			"y":52
			},
			{
			"res":"fish23_2_1",
			"x":65,
			"y":43
			}
			]
}},
	"res":{
		"fish19_1_1":{"x":0,"y":335,"w":301,"h":193},
		"fish18_1_01":{"x":1385,"y":138,"w":465,"h":132},
		"fish18_1_06":{"x":782,"y":403,"w":468,"h":125},
		"fish18_1_05":{"x":317,"y":276,"w":463,"h":128},
		"fish20_2_01":{"x":1852,"y":119,"w":128,"h":117},
		"fish18_1_07":{"x":1397,"y":272,"w":463,"h":128},
		"fish20_1_01":{"x":317,"y":143,"w":127,"h":115},
		"fish18_2_03":{"x":462,"y":0,"w":457,"h":140},
		"fish19_1_4":{"x":1071,"y":530,"w":299,"h":191},
		"fish23_1_3":{"x":0,"y":722,"w":265,"h":113},
		"fish18_1_03":{"x":462,"y":142,"w":464,"h":132},
		"fish19_1_2":{"x":1372,"y":531,"w":298,"h":190},
		"fish18_1_08":{"x":303,"y":406,"w":462,"h":125},
		"fish20_1_03":{"x":1862,"y":238,"w":126,"h":115},
		"fish23_1_1":{"x":303,"y":636,"w":302,"h":101},
		"fish23_1_8":{"x":607,"y":722,"w":301,"h":88},
		"fish19_1_6":{"x":0,"y":530,"w":301,"h":190},
		"fish23_1_5":{"x":1672,"y":641,"w":288,"h":105},
		"fish18_2_02":{"x":0,"y":0,"w":460,"h":141},
		"fish23_1_4":{"x":1202,"y":723,"w":269,"h":95},
		"fish18_1_02":{"x":928,"y":272,"w":467,"h":129},
		"fish18_2_01":{"x":921,"y":0,"w":462,"h":138},
		"fish18_1_09":{"x":1397,"y":402,"w":462,"h":127},
		"fish23_1_9":{"x":267,"y":739,"w":273,"h":90},
		"fish19_1_3":{"x":0,"y":143,"w":315,"h":190},
		"fish23_1_2":{"x":910,"y":723,"w":290,"h":91},
		"fish20_1_05":{"x":1238,"y":140,"w":128,"h":116},
		"fish18_1_04":{"x":1385,"y":0,"w":456,"h":136},
		"fish20_1_02":{"x":782,"y":276,"w":126,"h":114},
		"fish23_1_7":{"x":1672,"y":531,"w":301,"h":108},
		"fish20_1_06":{"x":1843,"y":0,"w":128,"h":117},
		"fish23_1_6":{"x":928,"y":140,"w":308,"h":112},
		"fish19_1_5":{"x":767,"y":530,"w":302,"h":190},
		"fish23_2_1":{"x":303,"y":533,"w":302,"h":101}
	}}