{"mc":{
	"25":{
		"frameRate":10,
		"labels":[
			{"name":"swimming","frame":1,"end":5}
			,{"name":"death","frame":6,"end":7}
			
			],
		"events":[
			
			],
		"frames":[
			
			{
			"res":"fish25_1_01",
			"x":0,
			"y":1
			},
			{
			"res":"fish25_1_03",
			"x":0,
			"y":1
			},
			{
			"res":"fish25_1_04",
			"x":0,
			"y":1
			},
			{
			"res":"fish25_1_05",
			"x":0,
			"y":1
			},
			{
			"res":"fish25_1_06",
			"x":0,
			"y":1,
			"duration":2
			},
			{
			"res":"fish25_2_01",
			"x":0,
			"y":1
			}
			]
},"26":{
		"frameRate":10,
		"labels":[
			{"name":"swimming","frame":1,"end":1}
			,{"name":"death","frame":2,"end":2}
			
			],
		"events":[
			
			],
		"frames":[
			
			{
			"res":"fish26_1_1",
			"x":0,
			"y":0,
			"duration":2
			}
			]
},"27":{
		"frameRate":10,
		"labels":[
			{"name":"swimming","frame":1,"end":6}
			,{"name":"death","frame":7,"end":8}
			
			],
		"events":[
			
			],
		"frames":[
			
			{
			"res":"fish27_1_01",
			"x":6,
			"y":4
			},
			{
			"res":"fish27_1_02",
			"x":4,
			"y":4
			},
			{
			"res":"fish27_1_03",
			"x":6,
			"y":4
			},
			{
			"res":"fish27_1_04",
			"x":6,
			"y":4
			},
			{
			"res":"fish27_1_05",
			"x":6,
			"y":4
			},
			{
			"res":"fish27_1_06",
			"x":6,
			"y":4
			},
			{
			"res":"fish27_2_01",
			"x":6,
			"y":4
			},
			{
			"res":"fish27_2_05",
			"x":6,
			"y":4
			}
			]
}},
	"res":{
		"fish25_1_03":{"x":0,"y":306,"w":140,"h":139},
		"fish27_2_01":{"x":474,"y":234,"w":188,"h":91},
		"fish27_1_03":{"x":318,"y":0,"w":188,"h":91},
		"fish25_1_01":{"x":0,"y":165,"w":140,"h":139},
		"fish25_1_05":{"x":142,"y":306,"w":140,"h":139},
		"fish27_1_01":{"x":474,"y":234,"w":188,"h":91},
		"fish27_2_05":{"x":284,"y":234,"w":188,"h":91},
		"fish27_1_05":{"x":284,"y":234,"w":188,"h":91},
		"fish25_2_01":{"x":0,"y":306,"w":140,"h":139},
		"fish27_1_04":{"x":284,"y":327,"w":188,"h":91},
		"fish27_1_06":{"x":476,"y":93,"w":188,"h":91},
		"fish25_1_06":{"x":176,"y":0,"w":140,"h":139},
		"fish25_1_04":{"x":142,"y":165,"w":140,"h":139},
		"fish26_1_1":{"x":0,"y":0,"w":174,"h":163},
		"fish27_1_02":{"x":284,"y":141,"w":190,"h":91}
	}}