{"mc":{
	"10":{
		"frameRate":10,
		"labels":[
			{"name":"swimming","frame":1,"end":8}
			,{"name":"death","frame":9,"end":14}
			
			],
		"events":[
			
			],
		"frames":[
			
			{
			"res":"fish10_1_01",
			"x":4,
			"y":22
			},
			{
			"res":"fish10_1_02",
			"x":6,
			"y":16
			},
			{
			"res":"fish10_1_03",
			"x":6,
			"y":5
			},
			{
			"res":"fish10_1_04",
			"x":6,
			"y":0
			},
			{
			"res":"fish10_1_05",
			"x":6,
			"y":3
			},
			{
			"res":"fish10_1_06",
			"x":0,
			"y":8
			},
			{
			"res":"fish10_1_07",
			"x":0,
			"y":12
			},
			{
			"res":"fish10_1_08",
			"x":4,
			"y":21
			},
			{
			"res":"fish10_2_01",
			"x":2,
			"y":0
			},
			{
			"res":"fish10_2_02",
			"x":2,
			"y":10
			},
			{
			"res":"fish10_2_03",
			"x":0,
			"y":2
			},
			{
			"res":"fish10_2_04",
			"x":1,
			"y":4
			},
			{
			"res":"fish10_2_05",
			"x":6,
			"y":4
			},
			{
			"res":"fish10_2_06",
			"x":2,
			"y":4
			}
			]
},"11":{
		"frameRate":10,
		"labels":[
			{"name":"swimming","frame":1,"end":12}
			,{"name":"death","frame":13,"end":16}
			
			],
		"events":[
			
			],
		"frames":[
			
			{
			"res":"fish11_1_01",
			"x":4,
			"y":1
			},
			{
			"res":"fish11_1_02",
			"x":4,
			"y":2
			},
			{
			"res":"fish11_1_03",
			"x":5,
			"y":0
			},
			{
			"res":"fish11_1_04",
			"x":4,
			"y":6
			},
			{
			"res":"fish11_1_05",
			"x":4,
			"y":13
			},
			{
			"res":"fish11_1_06",
			"x":4,
			"y":18
			},
			{
			"res":"fish11_1_07",
			"x":3,
			"y":18
			},
			{
			"res":"fish11_1_08",
			"x":0,
			"y":17
			},
			{
			"res":"fish11_1_09",
			"x":0,
			"y":16
			},
			{
			"res":"fish11_1_010",
			"x":1,
			"y":11
			},
			{
			"res":"fish11_1_011",
			"x":2,
			"y":6
			},
			{
			"res":"fish11_1_012",
			"x":3,
			"y":1
			},
			{
			"res":"fish11_2_01",
			"x":19,
			"y":22
			},
			{
			"res":"fish11_2_02",
			"x":8,
			"y":20
			},
			{
			"res":"fish11_2_03",
			"x":0,
			"y":8
			},
			{
			"res":"fish11_2_04",
			"x":5,
			"y":0
			}
			]
},"12":{
		"frameRate":10,
		"labels":[
			{"name":"swimming","frame":1,"end":6}
			,{"name":"death","frame":7,"end":9}
			
			],
		"events":[
			
			],
		"frames":[
			
			{
			"res":"fish12_1_01",
			"x":1,
			"y":3
			},
			{
			"res":"fish12_1_02",
			"x":0,
			"y":3
			},
			{
			"res":"fish12_1_03",
			"x":0,
			"y":18
			},
			{
			"res":"fish12_1_04",
			"x":0,
			"y":11
			},
			{
			"res":"fish12_1_05",
			"x":0,
			"y":2
			},
			{
			"res":"fish12_1_06",
			"x":1,
			"y":7
			},
			{
			"res":"fish12_2_01",
			"x":15,
			"y":8
			},
			{
			"res":"fish12_2_02",
			"x":3,
			"y":1
			},
			{
			"res":"fish12_2_03",
			"x":4,
			"y":0
			}
			]
}},
	"res":{
		"fish10_1_03":{"x":529,"y":336,"w":129,"h":134},
		"fish10_2_06":{"x":378,"y":699,"w":99,"h":102},
		"fish12_1_02":{"x":0,"y":201,"w":158,"h":139},
		"fish10_2_01":{"x":160,"y":522,"w":133,"h":107},
		"fish10_2_02":{"x":0,"y":700,"w":98,"h":88},
		"fish12_2_03":{"x":183,"y":193,"w":154,"h":157},
		"fish10_1_02":{"x":886,"y":440,"w":129,"h":111},
		"fish10_1_08":{"x":884,"y":553,"w":131,"h":103},
		"fish10_1_07":{"x":0,"y":342,"w":135,"h":120},
		"fish11_2_02":{"x":372,"y":0,"w":180,"h":179},
		"fish11_1_010":{"x":295,"y":553,"w":188,"h":72},
		"fish11_1_03":{"x":324,"y":468,"w":184,"h":83},
		"fish11_1_02":{"x":510,"y":472,"w":185,"h":82},
		"fish10_2_03":{"x":482,"y":658,"w":103,"h":101},
		"fish11_2_04":{"x":0,"y":0,"w":181,"h":199},
		"fish11_1_04":{"x":697,"y":552,"w":185,"h":77},
		"fish11_1_06":{"x":191,"y":699,"w":185,"h":65},
		"fish11_1_08":{"x":618,"y":631,"w":189,"h":66},
		"fish12_1_01":{"x":726,"y":0,"w":157,"h":159},
		"fish12_2_02":{"x":372,"y":181,"w":155,"h":157},
		"fish10_2_04":{"x":587,"y":699,"w":101,"h":96},
		"fish12_2_01":{"x":713,"y":320,"w":143,"h":150},
		"fish12_1_05":{"x":726,"y":161,"w":158,"h":157},
		"fish12_1_06":{"x":554,"y":179,"w":157,"h":155},
		"fish11_1_05":{"x":295,"y":627,"w":185,"h":70},
		"fish11_2_01":{"x":554,"y":0,"w":170,"h":177},
		"fish11_1_09":{"x":0,"y":631,"w":189,"h":67},
		"fish11_1_01":{"x":137,"y":437,"w":185,"h":83},
		"fish10_1_01":{"x":485,"y":556,"w":131,"h":100},
		"fish12_1_04":{"x":858,"y":320,"w":158,"h":118},
		"fish11_1_011":{"x":697,"y":472,"w":187,"h":78},
		"fish11_2_03":{"x":183,"y":0,"w":187,"h":191},
		"fish10_1_06":{"x":339,"y":340,"w":135,"h":126},
		"fish10_1_04":{"x":885,"y":0,"w":129,"h":145},
		"fish10_2_05":{"x":690,"y":699,"w":91,"h":101},
		"fish11_1_07":{"x":809,"y":658,"w":186,"h":65},
		"fish12_1_03":{"x":0,"y":522,"w":158,"h":91},
		"fish11_1_012":{"x":137,"y":352,"w":186,"h":83},
		"fish10_1_05":{"x":886,"y":147,"w":129,"h":137}
	}}