{"mc":{
	"16":{
		"frameRate":10,
		"labels":[
			{"name":"swimming","frame":1,"end":24}
			,{"name":"death","frame":25,"end":27}
			
			],
		"events":[
			
			],
		"frames":[
			
			{
			"res":"fish16_1_01",
			"x":11,
			"y":4
			},
			{
			"res":"fish16_1_02",
			"x":10,
			"y":4
			},
			{
			"res":"fish16_1_03",
			"x":8,
			"y":4
			},
			{
			"res":"fish16_1_04",
			"x":6,
			"y":4
			},
			{
			"res":"fish16_1_05",
			"x":4,
			"y":3
			},
			{
			"res":"fish16_1_06",
			"x":2,
			"y":3
			},
			{
			"res":"fish16_1_07",
			"x":1,
			"y":2
			},
			{
			"res":"fish16_1_08",
			"x":1,
			"y":1
			},
			{
			"res":"fish16_1_09",
			"x":2,
			"y":1
			},
			{
			"res":"fish16_1_10",
			"x":3,
			"y":1
			},
			{
			"res":"fish16_1_11",
			"x":4,
			"y":1
			},
			{
			"res":"fish16_1_12",
			"x":4,
			"y":1
			},
			{
			"res":"fish16_1_13",
			"x":4,
			"y":1
			},
			{
			"res":"fish16_1_14",
			"x":3,
			"y":1
			},
			{
			"res":"fish16_1_15",
			"x":2,
			"y":1
			},
			{
			"res":"fish16_1_16",
			"x":1,
			"y":2
			},
			{
			"res":"fish16_1_17",
			"x":1,
			"y":2
			},
			{
			"res":"fish16_1_18",
			"x":1,
			"y":3
			},
			{
			"res":"fish16_1_19",
			"x":3,
			"y":3
			},
			{
			"res":"fish16_1_20",
			"x":4,
			"y":3
			},
			{
			"res":"fish16_1_21",
			"x":7,
			"y":3
			},
			{
			"res":"fish16_1_22",
			"x":9,
			"y":4
			},
			{
			"res":"fish16_1_23",
			"x":11,
			"y":4
			},
			{
			"res":"fish16_1_24",
			"x":12,
			"y":4
			},
			{
			"res":"fish16_2_01",
			"x":0,
			"y":5
			},
			{
			"res":"fish16_2_02",
			"x":39,
			"y":3
			},
			{
			"res":"fish16_2_03",
			"x":82,
			"y":1
			}
			]
},"17":{
		"frameRate":10,
		"labels":[
			{"name":"swimming","frame":1,"end":24}
			,{"name":"death","frame":25,"end":29}
			
			],
		"events":[
			
			],
		"frames":[
			
			{
			"res":"fish17_1_01",
			"x":11,
			"y":4
			},
			{
			"res":"fish17_1_02",
			"x":10,
			"y":4
			},
			{
			"res":"fish17_1_03",
			"x":8,
			"y":4
			},
			{
			"res":"fish17_1_04",
			"x":6,
			"y":4
			},
			{
			"res":"fish17_1_05",
			"x":4,
			"y":3
			},
			{
			"res":"fish17_1_06",
			"x":2,
			"y":3
			},
			{
			"res":"fish17_1_07",
			"x":1,
			"y":2
			},
			{
			"res":"fish17_1_08",
			"x":1,
			"y":1
			},
			{
			"res":"fish17_1_09",
			"x":2,
			"y":1
			},
			{
			"res":"fish17_1_10",
			"x":3,
			"y":1
			},
			{
			"res":"fish17_1_11",
			"x":4,
			"y":1
			},
			{
			"res":"fish17_1_12",
			"x":4,
			"y":1
			},
			{
			"res":"fish17_1_13",
			"x":4,
			"y":1
			},
			{
			"res":"fish17_1_14",
			"x":3,
			"y":1
			},
			{
			"res":"fish17_1_15",
			"x":2,
			"y":1
			},
			{
			"res":"fish17_1_16",
			"x":1,
			"y":2
			},
			{
			"res":"fish17_1_17",
			"x":1,
			"y":2
			},
			{
			"res":"fish17_1_18",
			"x":1,
			"y":3
			},
			{
			"res":"fish17_1_19",
			"x":3,
			"y":3
			},
			{
			"res":"fish17_1_20",
			"x":4,
			"y":3
			},
			{
			"res":"fish17_1_21",
			"x":7,
			"y":3
			},
			{
			"res":"fish17_1_22",
			"x":9,
			"y":4
			},
			{
			"res":"fish17_1_23",
			"x":11,
			"y":4
			},
			{
			"res":"fish17_1_24",
			"x":12,
			"y":4
			},
			{
			"res":"fish17_2_01",
			"x":15,
			"y":22
			},
			{
			"res":"fish17_2_02",
			"x":1,
			"y":0
			},
			{
			"res":"fish17_2_03",
			"x":7,
			"y":6
			},
			{
			"res":"fish17_2_04",
			"x":27,
			"y":15
			},
			{
			"res":"fish17_2_05",
			"x":13,
			"y":16
			}
			]
}},
	"res":{
		"fish16_1_17":{"x":1193,"y":113,"w":298,"h":111},
		"fish17_1_19":{"x":298,"y":564,"w":296,"h":110},
		"fish16_1_20":{"x":1481,"y":453,"w":295,"h":111},
		"fish16_1_01":{"x":295,"y":1011,"w":288,"h":110},
		"fish16_1_21":{"x":893,"y":675,"w":292,"h":111},
		"fish16_1_22":{"x":1486,"y":678,"w":290,"h":110},
		"fish16_1_07":{"x":593,"y":114,"w":298,"h":111},
		"fish16_2_02":{"x":895,"y":343,"w":260,"h":120},
		"fish17_2_04":{"x":1177,"y":1011,"w":264,"h":114},
		"fish16_1_19":{"x":597,"y":455,"w":296,"h":110},
		"fish17_1_09":{"x":1492,"y":227,"w":297,"h":111},
		"fish16_1_06":{"x":0,"y":232,"w":297,"h":110},
		"fish16_1_02":{"x":1186,"y":788,"w":289,"h":110},
		"fish17_1_08":{"x":593,"y":0,"w":298,"h":112},
		"fish16_1_09":{"x":292,"y":119,"w":297,"h":111},
		"fish17_1_16":{"x":893,"y":114,"w":298,"h":111},
		"fish17_1_23":{"x":592,"y":903,"w":288,"h":110},
		"fish16_1_04":{"x":297,"y":900,"w":293,"h":109},
		"fish17_1_01":{"x":887,"y":900,"w":288,"h":110},
		"fish16_1_11":{"x":596,"y":567,"w":295,"h":110},
		"fish17_1_12":{"x":596,"y":679,"w":295,"h":110},
		"fish17_1_20":{"x":1481,"y":340,"w":295,"h":111},
		"fish16_1_23":{"x":1477,"y":902,"w":288,"h":110},
		"fish17_1_24":{"x":0,"y":1015,"w":287,"h":109},
		"fish17_1_15":{"x":591,"y":227,"w":297,"h":111},
		"fish16_1_03":{"x":594,"y":791,"w":291,"h":110},
		"fish17_1_04":{"x":0,"y":904,"w":293,"h":109},
		"fish16_1_05":{"x":0,"y":792,"w":295,"h":110},
		"fish17_1_11":{"x":297,"y":676,"w":295,"h":110},
		"fish17_1_07":{"x":1193,"y":0,"w":298,"h":111},
		"fish17_1_05":{"x":895,"y":563,"w":295,"h":110},
		"fish16_1_16":{"x":1493,"y":0,"w":298,"h":111},
		"fish17_2_01":{"x":882,"y":1014,"w":269,"h":110},
		"fish17_1_17":{"x":1493,"y":113,"w":298,"h":111},
		"fish16_2_01":{"x":292,"y":0,"w":299,"h":117},
		"fish16_1_18":{"x":1181,"y":339,"w":298,"h":110},
		"fish16_1_08":{"x":893,"y":0,"w":298,"h":112},
		"fish16_1_12":{"x":297,"y":788,"w":295,"h":110},
		"fish16_1_14":{"x":597,"y":343,"w":296,"h":110},
		"fish16_2_03":{"x":585,"y":1015,"w":217,"h":123},
		"fish17_1_06":{"x":0,"y":344,"w":297,"h":110},
		"fish17_1_10":{"x":299,"y":340,"w":296,"h":110},
		"fish17_1_22":{"x":1486,"y":566,"w":290,"h":110},
		"fish17_2_03":{"x":0,"y":0,"w":290,"h":126},
		"fish16_1_24":{"x":1177,"y":900,"w":287,"h":109},
		"fish17_2_05":{"x":1187,"y":679,"w":271,"h":107},
		"fish17_1_21":{"x":1192,"y":566,"w":292,"h":111},
		"fish17_1_18":{"x":1181,"y":451,"w":298,"h":110},
		"fish16_1_13":{"x":0,"y":680,"w":295,"h":110},
		"fish17_1_03":{"x":893,"y":788,"w":291,"h":110},
		"fish17_1_14":{"x":299,"y":452,"w":296,"h":110},
		"fish17_1_13":{"x":0,"y":568,"w":295,"h":110},
		"fish16_1_15":{"x":1193,"y":226,"w":297,"h":111},
		"fish16_1_10":{"x":0,"y":456,"w":296,"h":110},
		"fish17_1_02":{"x":1477,"y":790,"w":289,"h":110},
		"fish17_2_02":{"x":890,"y":227,"w":289,"h":114}
	}}