{"mc":{
	"1":{
		"frameRate":10,
		"labels":[
			{"name":"swimming","frame":1,"end":6}
			,{"name":"death","frame":7,"end":8}
			
			],
		"events":[
			
			],
		"frames":[
			
			{
			"res":"fish1_1_01",
			"x":0,
			"y":0
			},
			{
			"res":"fish1_1_02",
			"x":0,
			"y":0
			},
			{
			"res":"fish1_1_03",
			"x":0,
			"y":0
			},
			{
			"res":"fish1_1_04",
			"x":0,
			"y":0
			},
			{
			"res":"fish1_1_05",
			"x":0,
			"y":0
			},
			{
			"res":"fish1_1_06",
			"x":0,
			"y":0
			},
			{
			"res":"fish1_2_01",
			"x":1,
			"y":0
			},
			{
			"res":"fish1_2_02",
			"x":0,
			"y":1
			}
			]
},"2":{
		"frameRate":10,
		"labels":[
			{"name":"swimming","frame":1,"end":8}
			,{"name":"death","frame":9,"end":10}
			
			],
		"events":[
			
			],
		"frames":[
			
			{
			"res":"fish2_1_01",
			"x":2,
			"y":0
			},
			{
			"res":"fish2_1_02",
			"x":1,
			"y":0
			},
			{
			"res":"fish2_1_03",
			"x":0,
			"y":0
			},
			{
			"res":"fish2_1_04",
			"x":0,
			"y":0
			},
			{
			"res":"fish2_1_05",
			"x":0,
			"y":0
			},
			{
			"res":"fish2_1_06",
			"x":0,
			"y":0
			},
			{
			"res":"fish2_1_07",
			"x":1,
			"y":0
			},
			{
			"res":"fish2_1_08",
			"x":2,
			"y":0
			},
			{
			"res":"fish2_2_01",
			"x":6,
			"y":0
			},
			{
			"res":"fish2_2_02",
			"x":0,
			"y":0
			}
			]
},"3":{
		"frameRate":10,
		"labels":[
			{"name":"swimming","frame":1,"end":12}
			,{"name":"death","frame":13,"end":14}
			
			],
		"events":[
			
			],
		"frames":[
			
			{
			"res":"fish3_1_01",
			"x":0,
			"y":0
			},
			{
			"res":"fish3_1_02",
			"x":0,
			"y":0
			},
			{
			"res":"fish3_1_03",
			"x":0,
			"y":0
			},
			{
			"res":"fish3_1_04",
			"x":1,
			"y":0
			},
			{
			"res":"fish3_1_05",
			"x":2,
			"y":0
			},
			{
			"res":"fish3_1_06",
			"x":3,
			"y":0
			},
			{
			"res":"fish3_1_07",
			"x":4,
			"y":0
			},
			{
			"res":"fish3_1_08",
			"x":4,
			"y":0
			},
			{
			"res":"fish3_1_09",
			"x":3,
			"y":0
			},
			{
			"res":"fish3_1_010",
			"x":2,
			"y":0
			},
			{
			"res":"fish3_1_011",
			"x":1,
			"y":0
			},
			{
			"res":"fish3_1_012",
			"x":0,
			"y":0
			},
			{
			"res":"fish3_2_01",
			"x":0,
			"y":2
			},
			{
			"res":"fish3_2_02",
			"x":16,
			"y":0
			}
			]
},"4":{
		"frameRate":10,
		"labels":[
			{"name":"swimming","frame":1,"end":12}
			,{"name":"death","frame":13,"end":15}
			
			],
		"events":[
			
			],
		"frames":[
			
			{
			"res":"fish4_1_01",
			"x":0,
			"y":5
			},
			{
			"res":"fish4_1_02",
			"x":0,
			"y":4
			},
			{
			"res":"fish4_1_03",
			"x":1,
			"y":3
			},
			{
			"res":"fish4_1_04",
			"x":0,
			"y":1
			},
			{
			"res":"fish4_1_05",
			"x":0,
			"y":0
			},
			{
			"res":"fish4_1_06",
			"x":0,
			"y":0
			},
			{
			"res":"fish4_1_07",
			"x":0,
			"y":0
			},
			{
			"res":"fish4_1_08",
			"x":0,
			"y":0
			},
			{
			"res":"fish4_1_09",
			"x":0,
			"y":1
			},
			{
			"res":"fish4_1_010",
			"x":0,
			"y":3
			},
			{
			"res":"fish4_1_011",
			"x":0,
			"y":4
			},
			{
			"res":"fish4_1_012",
			"x":0,
			"y":5
			},
			{
			"res":"fish4_2_01",
			"x":11,
			"y":0
			},
			{
			"res":"fish4_2_02",
			"x":0,
			"y":1
			},
			{
			"res":"fish4_2_03",
			"x":7,
			"y":5
			}
			]
},"5":{
		"frameRate":10,
		"labels":[
			{"name":"swimming","frame":1,"end":12}
			,{"name":"death","frame":13,"end":15}
			
			],
		"events":[
			
			],
		"frames":[
			
			{
			"res":"fish5_1_01",
			"x":0,
			"y":0
			},
			{
			"res":"fish5_1_02",
			"x":0,
			"y":0
			},
			{
			"res":"fish5_1_03",
			"x":0,
			"y":0
			},
			{
			"res":"fish5_1_04",
			"x":0,
			"y":0
			},
			{
			"res":"fish5_1_05",
			"x":1,
			"y":0
			},
			{
			"res":"fish5_1_06",
			"x":2,
			"y":0
			},
			{
			"res":"fish5_1_07",
			"x":2,
			"y":0
			},
			{
			"res":"fish5_1_08",
			"x":3,
			"y":0
			},
			{
			"res":"fish5_1_09",
			"x":3,
			"y":0
			},
			{
			"res":"fish5_1_010",
			"x":3,
			"y":0
			},
			{
			"res":"fish5_1_011",
			"x":1,
			"y":0
			},
			{
			"res":"fish5_1_012",
			"x":0,
			"y":0
			},
			{
			"res":"fish5_2_01",
			"x":0,
			"y":6
			},
			{
			"res":"fish5_2_02",
			"x":7,
			"y":6
			},
			{
			"res":"fish5_2_03",
			"x":17,
			"y":0
			}
			]
},"8":{
		"frameRate":10,
		"labels":[
			{"name":"swimming","frame":1,"end":10}
			,{"name":"death","frame":11,"end":13}
			
			],
		"events":[
			
			],
		"frames":[
			
			{
			"res":"fish8_1_01",
			"x":6,
			"y":1
			},
			{
			"res":"fish8_1_02",
			"x":7,
			"y":1
			},
			{
			"res":"fish8_1_03",
			"x":6,
			"y":1
			},
			{
			"res":"fish8_1_04",
			"x":3,
			"y":1
			},
			{
			"res":"fish8_1_05",
			"x":1,
			"y":1
			},
			{
			"res":"fish8_1_06",
			"x":0,
			"y":1
			},
			{
			"res":"fish8_1_07",
			"x":0,
			"y":1
			},
			{
			"res":"fish8_1_08",
			"x":1,
			"y":1
			},
			{
			"res":"fish8_1_09",
			"x":3,
			"y":1
			},
			{
			"res":"fish8_1_010",
			"x":6,
			"y":1
			},
			{
			"res":"fish8_2_01",
			"x":7,
			"y":1
			},
			{
			"res":"fish8_2_02",
			"x":1,
			"y":0
			},
			{
			"res":"fish8_2_03",
			"x":0,
			"y":0
			}
			]
},"9":{
		"frameRate":10,
		"labels":[
			{"name":"swimming","frame":1,"end":12}
			,{"name":"death","frame":13,"end":14}
			
			],
		"events":[
			
			],
		"frames":[
			
			{
			"res":"fish9_1_01",
			"x":2,
			"y":0
			},
			{
			"res":"fish9_1_02",
			"x":2,
			"y":0
			},
			{
			"res":"fish9_1_03",
			"x":1,
			"y":0
			},
			{
			"res":"fish9_1_04",
			"x":0,
			"y":0
			},
			{
			"res":"fish9_1_05",
			"x":0,
			"y":1
			},
			{
			"res":"fish9_1_06",
			"x":0,
			"y":1
			},
			{
			"res":"fish9_1_07",
			"x":0,
			"y":1
			},
			{
			"res":"fish9_1_08",
			"x":0,
			"y":1
			},
			{
			"res":"fish9_1_09",
			"x":0,
			"y":1
			},
			{
			"res":"fish9_1_010",
			"x":0,
			"y":1
			},
			{
			"res":"fish9_1_011",
			"x":1,
			"y":0
			},
			{
			"res":"fish9_1_012",
			"x":2,
			"y":0
			},
			{
			"res":"fish9_2_01",
			"x":4,
			"y":0
			},
			{
			"res":"fish9_2_02",
			"x":3,
			"y":24
			}
			]
},"7":{
		"frameRate":10,
		"labels":[
			{"name":"swimming","frame":1,"end":18}
			,{"name":"death","frame":19,"end":21}
			
			],
		"events":[
			
			],
		"frames":[
			
			{
			"res":"fish7_1_01",
			"x":1,
			"y":5
			},
			{
			"res":"fish7_1_02",
			"x":0,
			"y":5
			},
			{
			"res":"fish7_1_03",
			"x":1,
			"y":5
			},
			{
			"res":"fish7_1_04",
			"x":2,
			"y":5
			},
			{
			"res":"fish7_1_05",
			"x":2,
			"y":5
			},
			{
			"res":"fish7_1_06",
			"x":3,
			"y":5
			},
			{
			"res":"fish7_1_07",
			"x":3,
			"y":5
			},
			{
			"res":"fish7_1_08",
			"x":2,
			"y":5
			},
			{
			"res":"fish7_1_09",
			"x":2,
			"y":5
			},
			{
			"res":"fish7_1_010",
			"x":2,
			"y":5
			},
			{
			"res":"fish7_1_011",
			"x":2,
			"y":5
			},
			{
			"res":"fish7_1_012",
			"x":1,
			"y":5
			},
			{
			"res":"fish7_1_013",
			"x":0,
			"y":4
			},
			{
			"res":"fish7_1_014",
			"x":4,
			"y":4
			},
			{
			"res":"fish7_1_015",
			"x":6,
			"y":3
			},
			{
			"res":"fish7_1_016",
			"x":5,
			"y":0
			},
			{
			"res":"fish7_1_017",
			"x":4,
			"y":1
			},
			{
			"res":"fish7_1_018",
			"x":3,
			"y":6
			},
			{
			"res":"fish7_2_01",
			"x":1,
			"y":0
			},
			{
			"res":"fish7_2_02",
			"x":14,
			"y":0
			},
			{
			"res":"fish7_2_03",
			"x":32,
			"y":0
			}
			]
},"6":{
		"frameRate":10,
		"labels":[
			{"name":"swimming","frame":1,"end":13}
			,{"name":"death","frame":14,"end":16}
			
			],
		"events":[
			
			],
		"frames":[
			
			{
			"res":"fish6_1_01",
			"x":2,
			"y":1
			},
			{
			"res":"fish6_1_02",
			"x":3,
			"y":1
			},
			{
			"res":"fish6_1_03",
			"x":3,
			"y":1
			},
			{
			"res":"fish6_1_04",
			"x":2,
			"y":0
			},
			{
			"res":"fish6_1_05",
			"x":1,
			"y":0
			},
			{
			"res":"fish6_1_06",
			"x":1,
			"y":0
			},
			{
			"res":"fish6_1_07",
			"x":0,
			"y":0
			},
			{
			"res":"fish6_1_08",
			"x":0,
			"y":0
			},
			{
			"res":"fish6_1_09",
			"x":0,
			"y":0
			},
			{
			"res":"fish6_1_010",
			"x":1,
			"y":1
			},
			{
			"res":"fish6_1_011",
			"x":2,
			"y":1
			},
			{
			"res":"fish6_1_012",
			"x":2,
			"y":1
			},
			{
			"res":"fish6_1_013",
			"x":2,
			"y":1
			},
			{
			"res":"fish6_2_01",
			"x":1,
			"y":0
			},
			{
			"res":"fish6_2_02",
			"x":18,
			"y":14
			},
			{
			"res":"fish6_2_03",
			"x":2,
			"y":4
			}
			]
}},
	"res":{
		"fish3_1_06":{"x":307,"y":793,"w":75,"h":47},
		"fish1_1_01":{"x":480,"y":539,"w":70,"h":24},
		"fish3_2_02":{"x":824,"y":431,"w":61,"h":44},
		"fish1_1_02":{"x":346,"y":653,"w":70,"h":24},
		"fish9_1_09":{"x":460,"y":142,"w":152,"h":68},
		"fish3_1_02":{"x":699,"y":361,"w":78,"h":48},
		"fish4_1_04":{"x":778,"y":600,"w":97,"h":60},
		"fish4_1_09":{"x":679,"y":591,"w":97,"h":60},
		"fish5_1_08":{"x":249,"y":743,"w":121,"h":45},
		"fish7_1_06":{"x":219,"y":589,"w":117,"h":50},
		"fish9_2_02":{"x":265,"y":212,"w":152,"h":60},
		"fish6_1_04":{"x":802,"y":284,"w":103,"h":72},
		"fish7_2_03":{"x":587,"y":761,"w":91,"h":50},
		"fish2_1_06":{"x":460,"y":802,"w":54,"h":24},
		"fish6_1_02":{"x":595,"y":361,"w":102,"h":71},
		"fish3_1_010":{"x":598,"y":289,"w":76,"h":48},
		"fish1_2_01":{"x":122,"y":433,"w":73,"h":27},
		"fish6_1_013":{"x":234,"y":342,"w":103,"h":71},
		"fish7_1_014":{"x":563,"y":434,"w":114,"h":53},
		"fish8_1_08":{"x":881,"y":142,"w":130,"h":72},
		"fish8_2_03":{"x":802,"y":216,"w":131,"h":66},
		"fish5_1_02":{"x":563,"y":653,"w":124,"h":45},
		"fish2_1_07":{"x":572,"y":813,"w":53,"h":24},
		"fish4_1_012":{"x":921,"y":487,"w":100,"h":59},
		"fish9_1_03":{"x":147,"y":72,"w":157,"h":70},
		"fish5_1_011":{"x":346,"y":696,"w":123,"h":45},
		"fish7_1_01":{"x":800,"y":487,"w":119,"h":50},
		"fish8_1_03":{"x":549,"y":216,"w":125,"h":71},
		"fish2_1_03":{"x":460,"y":802,"w":54,"h":24},
		"fish5_1_07":{"x":125,"y":700,"w":122,"h":45},
		"fish9_1_08":{"x":306,"y":142,"w":152,"h":68},
		"fish7_1_05":{"x":683,"y":539,"w":118,"h":50},
		"fish7_1_07":{"x":100,"y":589,"w":117,"h":50},
		"fish4_1_08":{"x":580,"y":587,"w":97,"h":60},
		"fish6_1_09":{"x":0,"y":307,"w":105,"h":70},
		"fish7_1_016":{"x":213,"y":415,"w":113,"h":58},
		"fish2_1_08":{"x":627,"y":816,"w":52,"h":24},
		"fish3_1_05":{"x":0,"y":793,"w":76,"h":47},
		"fish1_1_04":{"x":941,"y":672,"w":70,"h":24},
		"fish3_2_01":{"x":360,"y":491,"w":78,"h":45},
		"fish2_1_01":{"x":627,"y":816,"w":52,"h":24},
		"fish9_2_01":{"x":0,"y":0,"w":145,"h":88},
		"fish3_1_09":{"x":230,"y":790,"w":75,"h":48},
		"fish1_1_06":{"x":154,"y":799,"w":70,"h":23},
		"fish4_2_02":{"x":118,"y":641,"w":100,"h":57},
		"fish7_1_013":{"x":442,"y":434,"w":119,"h":51},
		"fish8_1_07":{"x":0,"y":90,"w":132,"h":72},
		"fish8_2_02":{"x":0,"y":164,"w":130,"h":70},
		"fish2_1_05":{"x":516,"y":802,"w":54,"h":24},
		"fish4_1_03":{"x":338,"y":591,"w":97,"h":60},
		"fish5_1_01":{"x":815,"y":672,"w":124,"h":45},
		"fish3_1_01":{"x":680,"y":766,"w":78,"h":48},
		"fish5_1_010":{"x":707,"y":719,"w":121,"h":45},
		"fish9_1_02":{"x":147,"y":0,"w":157,"h":70},
		"fish5_2_03":{"x":124,"y":747,"w":104,"h":50},
		"fish8_1_02":{"x":676,"y":216,"w":124,"h":70},
		"fish7_1_017":{"x":887,"y":430,"w":114,"h":55},
		"fish6_1_01":{"x":907,"y":357,"w":103,"h":71},
		"fish9_1_07":{"x":777,"y":72,"w":153,"h":68},
		"fish5_1_06":{"x":471,"y":700,"w":122,"h":45},
		"fish4_1_07":{"x":0,"y":555,"w":98,"h":60},
		"fish6_1_012":{"x":782,"y":358,"w":103,"h":71},
		"fish7_1_012":{"x":442,"y":487,"w":119,"h":50},
		"fish7_1_04":{"x":563,"y":535,"w":118,"h":50},
		"fish6_1_06":{"x":907,"y":284,"w":104,"h":71},
		"fish6_2_03":{"x":0,"y":379,"w":101,"h":70},
		"fish7_2_02":{"x":595,"y":709,"w":110,"h":50},
		"fish6_1_08":{"x":491,"y":289,"w":105,"h":70},
		"fish9_1_012":{"x":465,"y":0,"w":157,"h":70},
		"fish4_1_02":{"x":122,"y":475,"w":100,"h":60},
		"fish2_2_02":{"x":953,"y":698,"w":54,"h":28},
		"fish3_1_04":{"x":840,"y":766,"w":77,"h":48},
		"fish3_1_08":{"x":384,"y":793,"w":74,"h":47},
		"fish4_1_011":{"x":224,"y":475,"w":100,"h":60},
		"fish6_2_02":{"x":935,"y":216,"w":84,"h":59},
		"fish8_1_01":{"x":0,"y":236,"w":125,"h":69},
		"fish8_2_01":{"x":259,"y":274,"w":125,"h":66},
		"fish8_1_06":{"x":614,"y":142,"w":132,"h":72},
		"fish9_1_01":{"x":306,"y":0,"w":157,"h":70},
		"fish5_2_02":{"x":372,"y":747,"w":117,"h":44},
		"fish9_1_06":{"x":621,"y":72,"w":154,"h":68},
		"fish5_1_05":{"x":0,"y":700,"w":123,"h":45},
		"fish4_1_06":{"x":480,"y":587,"w":98,"h":60},
		"fish3_1_012":{"x":760,"y":766,"w":78,"h":48},
		"fish5_1_09":{"x":830,"y":719,"w":121,"h":45},
		"fish6_1_011":{"x":339,"y":362,"w":103,"h":70},
		"fish6_1_03":{"x":491,"y":361,"w":102,"h":71},
		"fish9_1_011":{"x":783,"y":0,"w":157,"h":70},
		"fish6_1_05":{"x":676,"y":288,"w":104,"h":71},
		"fish7_1_03":{"x":679,"y":483,"w":119,"h":50},
		"fish7_1_011":{"x":120,"y":537,"w":118,"h":50},
		"fish8_1_05":{"x":748,"y":142,"w":131,"h":72},
		"fish8_1_010":{"x":132,"y":218,"w":125,"h":69},
		"fish4_1_01":{"x":803,"y":539,"w":100,"h":59},
		"fish3_1_03":{"x":942,"y":0,"w":78,"h":48},
		"fish3_1_07":{"x":78,"y":799,"w":74,"h":47},
		"fish1_1_05":{"x":0,"y":617,"w":70,"h":22},
		"fish7_1_018":{"x":0,"y":641,"w":116,"h":50},
		"fish4_1_010":{"x":905,"y":548,"w":98,"h":60},
		"fish4_2_01":{"x":491,"y":747,"w":94,"h":53},
		"fish7_1_08":{"x":0,"y":503,"w":118,"h":50},
		"fish9_1_05":{"x":306,"y":72,"w":156,"h":68},
		"fish5_1_04":{"x":220,"y":653,"w":124,"h":45},
		"fish2_2_01":{"x":953,"y":728,"w":48,"h":28},
		"fish7_1_015":{"x":328,"y":434,"w":112,"h":55},
		"fish5_2_01":{"x":0,"y":747,"w":122,"h":44},
		"fish4_1_05":{"x":877,"y":610,"w":97,"h":60},
		"fish3_1_011":{"x":919,"y":766,"w":77,"h":48},
		"fish6_2_01":{"x":386,"y":284,"w":103,"h":76},
		"fish9_1_010":{"x":464,"y":72,"w":155,"h":68},
		"fish1_1_03":{"x":249,"y":700,"w":70,"h":24},
		"fish7_1_09":{"x":360,"y":539,"w":118,"h":50},
		"fish6_1_010":{"x":107,"y":361,"w":104,"h":70},
		"fish7_1_02":{"x":0,"y":451,"w":120,"h":50},
		"fish7_1_010":{"x":240,"y":537,"w":118,"h":50},
		"fish6_1_07":{"x":127,"y":289,"w":105,"h":70},
		"fish8_1_09":{"x":419,"y":212,"w":128,"h":70},
		"fish2_1_04":{"x":516,"y":802,"w":54,"h":24},
		"fish2_1_02":{"x":572,"y":813,"w":53,"h":24},
		"fish8_1_04":{"x":134,"y":144,"w":129,"h":72},
		"fish7_2_01":{"x":699,"y":431,"w":123,"h":50},
		"fish1_2_02":{"x":563,"y":489,"w":73,"h":26},
		"fish5_1_012":{"x":689,"y":662,"w":124,"h":45},
		"fish4_2_03":{"x":932,"y":72,"w":89,"h":57},
		"fish9_1_04":{"x":624,"y":0,"w":157,"h":70},
		"fish5_1_03":{"x":437,"y":649,"w":124,"h":45}
	}}