{"mc":{
	"one":{
		"frameRate":10,
		"labels":[
			{"name":"playjinbi","frame":1,"end":12}
			
			],
		"events":[
			
			],
		"frames":[
			
			{
			"res":"jinbi_1_01",
			"x":0,
			"y":0
			},
			{
			"res":"jinbi_1_02",
			"x":0,
			"y":0
			},
			{
			"res":"jinbi_1_03",
			"x":0,
			"y":0
			},
			{
			"res":"jinbi_1_04",
			"x":0,
			"y":0
			},
			{
			"res":"jinbi_1_05",
			"x":0,
			"y":0
			},
			{
			"res":"jinbi_1_06",
			"x":0,
			"y":0
			},
			{
			"res":"jinbi_1_07",
			"x":0,
			"y":0
			},
			{
			"res":"jinbi_1_08",
			"x":0,
			"y":0
			},
			{
			"res":"jinbi_1_09",
			"x":0,
			"y":0
			},
			{
			"res":"jinbi_1_10",
			"x":0,
			"y":0
			},
			{
			"res":"jinbi_1_11",
			"x":0,
			"y":0
			},
			{
			"res":"jinbi_1_12",
			"x":0,
			"y":0
			}
			]
}},
	"res":{
		"jinbi_1_08":{"x":2,"y":149,"w":48,"h":31},
		"jinbi_1_01":{"x":2,"y":54,"w":48,"h":45},
		"jinbi_1_05":{"x":2,"y":103,"w":48,"h":42},
		"jinbi_1_12":{"x":2,"y":2,"w":48,"h":48},
		"jinbi_1_02":{"x":54,"y":149,"w":48,"h":31},
		"jinbi_1_07":{"x":54,"y":54,"w":48,"h":45},
		"jinbi_1_03":{"x":54,"y":212,"w":48,"h":7},
		"jinbi_1_06":{"x":54,"y":2,"w":48,"h":48},
		"jinbi_1_04":{"x":2,"y":184,"w":48,"h":24},
		"jinbi_1_11":{"x":54,"y":103,"w":48,"h":42},
		"jinbi_1_10":{"x":54,"y":184,"w":48,"h":24},
		"jinbi_1_09":{"x":2,"y":212,"w":48,"h":7}
	}}