{"mc":{
	"goldOneCoin":{
		"frameRate":15,
		"labels":[
			{"name":"run","frame":1,"end":12}
			
			],
		"events":[
			
			],
		"frames":[
			
			{
			"res":"jinbi_1_01",
			"x":0,
			"y":0
			},
			{
			"res":"jinbi_1_02",
			"x":0,
			"y":0
			},
			{
			"res":"jinbi_1_03",
			"x":0,
			"y":0
			},
			{
			"res":"jinbi_1_04",
			"x":0,
			"y":0
			},
			{
			"res":"jinbi_1_05",
			"x":0,
			"y":0
			},
			{
			"res":"jinbi_1_06",
			"x":0,
			"y":0
			},
			{
			"res":"jinbi_1_07",
			"x":0,
			"y":0
			},
			{
			"res":"jinbi_1_08",
			"x":0,
			"y":0
			},
			{
			"res":"jinbi_1_09",
			"x":0,
			"y":0
			},
			{
			"res":"jinbi_1_10",
			"x":0,
			"y":0
			},
			{
			"res":"jinbi_1_11",
			"x":0,
			"y":0
			},
			{
			"res":"jinbi_1_12",
			"x":0,
			"y":0
			}
			]
},"silverFive":{
		"frameRate":15,
		"labels":[
			{"name":"run","frame":1,"end":12}
			
			],
		"events":[
			
			],
		"frames":[
			
			{
			"res":"jinbi_5_01",
			"x":0,
			"y":0
			},
			{
			"res":"jinbi_5_02",
			"x":0,
			"y":0
			},
			{
			"res":"jinbi_5_03",
			"x":0,
			"y":0
			},
			{
			"res":"jinbi_5_04",
			"x":0,
			"y":0
			},
			{
			"res":"jinbi_5_05",
			"x":0,
			"y":0
			},
			{
			"res":"jinbi_5_06",
			"x":0,
			"y":0
			},
			{
			"res":"jinbi_5_07",
			"x":0,
			"y":0
			},
			{
			"res":"jinbi_5_08",
			"x":0,
			"y":0
			},
			{
			"res":"jinbi_5_09",
			"x":0,
			"y":0
			},
			{
			"res":"jinbi_5_10",
			"x":0,
			"y":0
			},
			{
			"res":"jinbi_5_11",
			"x":0,
			"y":0
			},
			{
			"res":"jinbi_5_12",
			"x":0,
			"y":0
			}
			]
},"silverTen":{
		"frameRate":15,
		"labels":[
			{"name":"run","frame":1,"end":12}
			
			],
		"events":[
			
			],
		"frames":[
			
			{
			"res":"jinbi_10_01",
			"x":0,
			"y":0
			},
			{
			"res":"jinbi_10_02",
			"x":0,
			"y":0
			},
			{
			"res":"jinbi_10_03",
			"x":0,
			"y":0
			},
			{
			"res":"jinbi_10_04",
			"x":0,
			"y":0
			},
			{
			"res":"jinbi_10_05",
			"x":0,
			"y":0
			},
			{
			"res":"jinbi_10_06",
			"x":0,
			"y":0
			},
			{
			"res":"jinbi_10_07",
			"x":0,
			"y":0
			},
			{
			"res":"jinbi_10_08",
			"x":0,
			"y":0
			},
			{
			"res":"jinbi_10_09",
			"x":0,
			"y":0
			},
			{
			"res":"jinbi_10_10",
			"x":0,
			"y":0
			},
			{
			"res":"jinbi_10_11",
			"x":0,
			"y":0
			},
			{
			"res":"jinbi_10_12",
			"x":0,
			"y":0
			}
			]
}},
	"res":{
		"jinbi_5_11":{"x":84,"y":83,"w":78,"h":65},
		"jinbi_5_02":{"x":166,"y":83,"w":78,"h":49},
		"jinbi_10_12":{"x":412,"y":146,"w":78,"h":65},
		"jinbi_5_06":{"x":84,"y":2,"w":78,"h":77},
		"jinbi_10_04":{"x":54,"y":252,"w":78,"h":12},
		"jinbi_10_08":{"x":330,"y":77,"w":78,"h":71},
		"jinbi_1_03":{"x":106,"y":212,"w":48,"h":7},
		"jinbi_5_01":{"x":330,"y":2,"w":78,"h":71},
		"jinbi_10_11":{"x":248,"y":177,"w":78,"h":37},
		"jinbi_10_05":{"x":330,"y":152,"w":78,"h":37},
		"jinbi_1_10":{"x":2,"y":204,"w":48,"h":24},
		"jinbi_5_12":{"x":2,"y":2,"w":78,"h":77},
		"jinbi_5_03":{"x":2,"y":268,"w":78,"h":12},
		"jinbi_1_02":{"x":158,"y":281,"w":48,"h":31},
		"jinbi_1_12":{"x":412,"y":215,"w":48,"h":48},
		"jinbi_1_08":{"x":54,"y":201,"w":48,"h":31},
		"jinbi_1_06":{"x":2,"y":152,"w":48,"h":48},
		"jinbi_1_04":{"x":2,"y":232,"w":48,"h":24},
		"jinbi_10_06":{"x":2,"y":83,"w":78,"h":65},
		"jinbi_1_09":{"x":106,"y":201,"w":48,"h":7},
		"jinbi_5_08":{"x":166,"y":136,"w":78,"h":49},
		"jinbi_5_04":{"x":330,"y":193,"w":78,"h":37},
		"jinbi_5_10":{"x":248,"y":136,"w":78,"h":37},
		"jinbi_1_07":{"x":54,"y":152,"w":48,"h":45},
		"jinbi_5_07":{"x":330,"y":77,"w":78,"h":71},
		"jinbi_1_05":{"x":158,"y":189,"w":48,"h":42},
		"jinbi_10_10":{"x":54,"y":236,"w":78,"h":12},
		"jinbi_10_09":{"x":166,"y":136,"w":78,"h":49},
		"jinbi_10_03":{"x":248,"y":83,"w":78,"h":49},
		"jinbi_10_07":{"x":166,"y":2,"w":78,"h":77},
		"jinbi_5_09":{"x":210,"y":218,"w":78,"h":12},
		"jinbi_10_01":{"x":248,"y":2,"w":78,"h":77},
		"jinbi_1_11":{"x":158,"y":235,"w":48,"h":42},
		"jinbi_5_05":{"x":412,"y":77,"w":78,"h":65},
		"jinbi_1_01":{"x":106,"y":152,"w":48,"h":45},
		"jinbi_10_02":{"x":412,"y":2,"w":78,"h":71}
	}}