{"mc":{
	"ten":{
		"frameRate":10,
		"labels":[
			{"name":"play","frame":1,"end":12}
			
			],
		"events":[
			
			],
		"frames":[
			
			{
			"res":"jinbi_10_01",
			"x":0,
			"y":0
			},
			{
			"res":"jinbi_10_02",
			"x":0,
			"y":0
			},
			{
			"res":"jinbi_10_03",
			"x":0,
			"y":0
			},
			{
			"res":"jinbi_10_04",
			"x":0,
			"y":0
			},
			{
			"res":"jinbi_10_05",
			"x":0,
			"y":0
			},
			{
			"res":"jinbi_10_06",
			"x":0,
			"y":0
			},
			{
			"res":"jinbi_10_07",
			"x":0,
			"y":0
			},
			{
			"res":"jinbi_10_08",
			"x":0,
			"y":0
			},
			{
			"res":"jinbi_10_09",
			"x":0,
			"y":0
			},
			{
			"res":"jinbi_10_10",
			"x":0,
			"y":0
			},
			{
			"res":"jinbi_10_11",
			"x":0,
			"y":0
			},
			{
			"res":"jinbi_10_12",
			"x":0,
			"y":0
			}
			]
}},
	"res":{
		"jinbi_10_11":{"x":166,"y":152,"w":78,"h":37},
		"jinbi_10_10":{"x":84,"y":205,"w":78,"h":12},
		"jinbi_10_06":{"x":84,"y":83,"w":78,"h":65},
		"jinbi_10_05":{"x":166,"y":193,"w":78,"h":37},
		"jinbi_10_08":{"x":166,"y":2,"w":78,"h":71},
		"jinbi_10_09":{"x":84,"y":152,"w":78,"h":49},
		"jinbi_10_01":{"x":84,"y":2,"w":78,"h":77},
		"jinbi_10_04":{"x":2,"y":205,"w":78,"h":12},
		"jinbi_10_07":{"x":2,"y":2,"w":78,"h":77},
		"jinbi_10_12":{"x":2,"y":83,"w":78,"h":65},
		"jinbi_10_03":{"x":2,"y":152,"w":78,"h":49},
		"jinbi_10_02":{"x":166,"y":77,"w":78,"h":71}
	}}