{"mc":{
	"lockrotation":{
		"frameRate":10,
		"labels":[
			{"name":"play","frame":1,"end":8}
			
			],
		"events":[
			
			],
		"frames":[
			
			{
			"res":"1_1",
			"x":0,
			"y":1
			},
			{
			"res":"1_2",
			"x":0,
			"y":1
			},
			{
			"res":"1_3",
			"x":0,
			"y":1
			},
			{
			"res":"1_4",
			"x":0,
			"y":1
			},
			{
			"res":"1_5",
			"x":0,
			"y":1
			},
			{
			"res":"1_6",
			"x":0,
			"y":1
			},
			{
			"res":"1_7",
			"x":0,
			"y":1
			},
			{
			"res":"1_8",
			"x":0,
			"y":1
			}
			]
}},
	"res":{
		"1_3":{"x":98,"y":98,"w":98,"h":98},
		"1_8":{"x":0,"y":392,"w":98,"h":98},
		"1_5":{"x":0,"y":294,"w":98,"h":98},
		"1_7":{"x":98,"y":0,"w":98,"h":98},
		"1_2":{"x":0,"y":196,"w":98,"h":98},
		"1_6":{"x":98,"y":196,"w":98,"h":98},
		"1_4":{"x":0,"y":98,"w":98,"h":98},
		"1_1":{"x":0,"y":0,"w":98,"h":98}
	}}