{"frameRate":24,"name":"shuangci","version":"5.5","compatibleVersion":"5.5","armature":[{"type":"Armature","frameRate":24,"name":"Armature","aabb":{"x":-319.5,"y":-12,"width":2439,"height":1039},"bone":[{"name":"root"},{"name":"rightBone","parent":"root"},{"name":"leftBone","parent":"root"}],"slot":[{"name":"rightBone","parent":"rightBone"},{"name":"rightBone1","parent":"rightBone"},{"name":"rightBone2","parent":"rightBone"},{"name":"rightBone3","parent":"rightBone"},{"name":"rightBone4","parent":"rightBone"},{"name":"rightBone5","parent":"rightBone"},{"name":"rightBone6","parent":"rightBone"},{"name":"leftBone","parent":"leftBone"},{"name":"leftBone1","parent":"leftBone"},{"name":"leftBone2","parent":"leftBone"},{"name":"leftBone3","parent":"leftBone"},{"name":"leftBone4","parent":"leftBone"},{"name":"leftBone5","parent":"leftBone"},{"name":"leftBone6","parent":"leftBone"}],"skin":[{"slot":[{"name":"leftBone6","display":[{"name":"active1_01","transform":{"x":-200,"y":995}}]},{"name":"rightBone4","display":[{"name":"active1_01","transform":{"x":2000,"y":620,"skX":180,"skY":180}}]},{"name":"leftBone4","display":[{"name":"active1_01","transform":{"x":-200,"y":695}}]},{"name":"rightBone2","display":[{"name":"active1_01","transform":{"x":2000,"y":320,"skX":180,"skY":180}}]},{"name":"leftBone2","display":[{"name":"active1_01","transform":{"x":-200,"y":395}}]},{"name":"rightBone","display":[{"name":"active1_01","transform":{"x":2000,"y":20,"skX":180,"skY":180}}]},{"name":"leftBone","display":[{"name":"active1_01","transform":{"x":-200,"y":95}}]},{"name":"rightBone5","display":[{"name":"active1_01","transform":{"x":2000,"y":770,"skX":180,"skY":180}}]},{"name":"leftBone5","display":[{"name":"active1_01","transform":{"x":-200,"y":845}}]},{"name":"rightBone3","display":[{"name":"active1_01","transform":{"x":2000,"y":470,"skX":180,"skY":180}}]},{"name":"leftBone3","display":[{"name":"active1_01","transform":{"x":-200,"y":545,"skX":0.05,"skY":0.05}}]},{"name":"rightBone1","display":[{"name":"active1_01","transform":{"x":2000,"y":170,"skX":180,"skY":180}}]},{"name":"leftBone1","display":[{"name":"active1_01","transform":{"x":-200,"y":245}}]},{"name":"rightBone6","display":[{"name":"active1_01","transform":{"x":2000,"y":920,"skX":180,"skY":180}}]}]}],"animation":[{"duration":10,"playTimes":0,"name":"newAnimation","bone":[{"name":"rightBone","translateFrame":[{"duration":2,"tweenEasing":0},{"duration":2,"tweenEasing":0,"x":-500},{"duration":2,"tweenEasing":0,"x":-1000},{"duration":2,"tweenEasing":0,"x":-1500},{"duration":2,"tweenEasing":0,"x":-2000},{"duration":0,"x":-2200}]},{"name":"leftBone","translateFrame":[{"duration":2,"tweenEasing":0},{"duration":2,"tweenEasing":0,"x":500},{"duration":2,"tweenEasing":0,"x":1000},{"duration":2,"tweenEasing":0,"x":1500},{"duration":2,"tweenEasing":0,"x":2000},{"duration":0,"x":2200}]}]}],"defaultActions":[{"gotoAndPlay":"newAnimation"}],"canvas":{"x":900,"y":450,"width":1800,"height":900}}]}