{"speed":120,"paths":[-1200,0,1200,0],"fishs":[{"fishType":1,"x":-344,"y":-9},{"fishType":1,"x":-344,"y":22},{"fishType":1,"x":-343,"y":54},{"fishType":1,"x":-337,"y":88},{"fishType":1,"x":-327,"y":115},{"fishType":1,"x":-310,"y":148},{"fishType":1,"x":-290,"y":177},{"fishType":1,"x":-270,"y":203},{"fishType":1,"x":-244,"y":227},{"fishType":1,"x":-217,"y":246},{"fishType":1,"x":-186,"y":265},{"fishType":1,"x":-155,"y":282},{"fishType":1,"x":-118,"y":292},{"fishType":1,"x":-85,"y":301},{"fishType":1,"x":-53,"y":308},{"fishType":1,"x":-16,"y":309},{"fishType":1,"x":24,"y":309},{"fishType":1,"x":63,"y":302},{"fishType":1,"x":100,"y":292},{"fishType":1,"x":131,"y":281},{"fishType":1,"x":164,"y":266},{"fishType":1,"x":199,"y":249},{"fishType":1,"x":226,"y":227},{"fishType":1,"x":252,"y":203},{"fishType":1,"x":272,"y":177},{"fishType":1,"x":288,"y":150},{"fishType":1,"x":306,"y":123},{"fishType":1,"x":318,"y":95},{"fishType":1,"x":335,"y":60},{"fishType":1,"x":308,"y":-130},{"fishType":1,"x":342,"y":30},{"fishType":1,"x":347,"y":-1},{"fishType":1,"x":349,"y":-31},{"fishType":1,"x":339,"y":-69},{"fishType":1,"x":325,"y":-98},{"fishType":1,"x":287,"y":-159},{"fishType":1,"x":268,"y":-187},{"fishType":1,"x":242,"y":-210},{"fishType":1,"x":216,"y":-231},{"fishType":1,"x":188,"y":-252},{"fishType":1,"x":160,"y":-269},{"fishType":1,"x":130,"y":-285},{"fishType":1,"x":92,"y":-295},{"fishType":1,"x":58,"y":-299},{"fishType":1,"x":24,"y":-304},{"fishType":1,"x":-10,"y":-306},{"fishType":1,"x":-56,"y":-306},{"fishType":1,"x":-87,"y":-299},{"fishType":1,"x":-120,"y":-290},{"fishType":1,"x":-151,"y":-276},{"fishType":1,"x":-184,"y":-259},{"fishType":1,"x":-212,"y":-239},{"fishType":1,"x":-239,"y":-219},{"fishType":1,"x":-265,"y":-194},{"fishType":1,"x":-291,"y":-167},{"fishType":1,"x":-306,"y":-138},{"fishType":1,"x":-322,"y":-111},{"fishType":1,"x":-333,"y":-79},{"fishType":1,"x":-347,"y":-43},{"fishType":2,"x":-281,"y":30},{"fishType":2,"x":-269,"y":84},{"fishType":2,"x":-248,"y":134},{"fishType":2,"x":-210,"y":176},{"fishType":2,"x":-160,"y":211},{"fishType":2,"x":-107,"y":237},{"fishType":2,"x":-50,"y":249},{"fishType":2,"x":13,"y":250},{"fishType":2,"x":76,"y":241},{"fishType":2,"x":127,"y":218},{"fishType":2,"x":178,"y":185},{"fishType":2,"x":212,"y":147},{"fishType":2,"x":242,"y":99},{"fishType":2,"x":260,"y":48},{"fishType":2,"x":271,"y":2},{"fishType":2,"x":267,"y":-56},{"fishType":2,"x":242,"y":-103},{"fishType":2,"x":206,"y":-151},{"fishType":2,"x":169,"y":-193},{"fishType":2,"x":119,"y":-221},{"fishType":2,"x":65,"y":-240},{"fishType":2,"x":18,"y":-248},{"fishType":2,"x":-52,"y":-246},{"fishType":2,"x":-111,"y":-230},{"fishType":2,"x":-164,"y":-205},{"fishType":2,"x":-208,"y":-171},{"fishType":2,"x":-244,"y":-127},{"fishType":2,"x":-272,"y":-79},{"fishType":2,"x":-284,"y":-20},{"fishType":5,"x":185,"y":-85},{"fishType":5,"x":162,"y":-117},{"fishType":5,"x":133,"y":-145},{"fishType":5,"x":101,"y":-165},{"fishType":5,"x":65,"y":-179},{"fishType":5,"x":27,"y":-187},{"fishType":5,"x":-6,"y":-190},{"fishType":5,"x":-43,"y":-187},{"fishType":5,"x":-81,"y":-178},{"fishType":5,"x":-116,"y":-158},{"fishType":5,"x":-148,"y":-129},{"fishType":5,"x":-177,"y":-96},{"fishType":5,"x":-190,"y":-60},{"fishType":5,"x":-201,"y":-23},{"fishType":5,"x":-201,"y":18},{"fishType":5,"x":-186,"y":57},{"fishType":5,"x":-172,"y":92},{"fishType":5,"x":-147,"y":125},{"fishType":5,"x":-111,"y":149},{"fishType":5,"x":-73,"y":167},{"fishType":5,"x":-32,"y":178},{"fishType":5,"x":9,"y":181},{"fishType":5,"x":52,"y":173},{"fishType":5,"x":95,"y":157},{"fishType":5,"x":128,"y":137},{"fishType":5,"x":162,"y":104},{"fishType":5,"x":182,"y":71},{"fishType":5,"x":202,"y":39},{"fishType":5,"x":211,"y":7},{"fishType":5,"x":208,"y":-26},{"fishType":5,"x":204,"y":-59},{"fishType":17,"x":-16,"y":-9}]}