{"speed":120,"paths":[-1350,0,1350,0],"fishs":[{"fishType":1,"x":-609,"y":19},{"fishType":1,"x":-605,"y":52},{"fishType":1,"x":-602,"y":83},{"fishType":1,"x":-590,"y":114},{"fishType":1,"x":-576,"y":141},{"fishType":1,"x":-557,"y":170},{"fishType":1,"x":-536,"y":194},{"fishType":1,"x":-513,"y":220},{"fishType":1,"x":-484,"y":237},{"fishType":1,"x":-455,"y":255},{"fishType":1,"x":-426,"y":273},{"fishType":1,"x":-396,"y":285},{"fishType":1,"x":-363,"y":290},{"fishType":1,"x":-330,"y":297},{"fishType":1,"x":-291,"y":297},{"fishType":1,"x":-248,"y":294},{"fishType":1,"x":-215,"y":288},{"fishType":1,"x":-182,"y":282},{"fishType":1,"x":-147,"y":269},{"fishType":1,"x":-110,"y":258},{"fishType":1,"x":-80,"y":239},{"fishType":1,"x":-57,"y":217},{"fishType":1,"x":-32,"y":194},{"fishType":1,"x":-10,"y":170},{"fishType":1,"x":9,"y":142},{"fishType":1,"x":26,"y":119},{"fishType":1,"x":43,"y":88},{"fishType":1,"x":52,"y":61},{"fishType":1,"x":62,"y":32},{"fishType":1,"x":72,"y":-1},{"fishType":1,"x":-609,"y":-11},{"fishType":1,"x":-604,"y":-40},{"fishType":1,"x":-599,"y":-72},{"fishType":1,"x":-591,"y":-103},{"fishType":1,"x":-571,"y":-129},{"fishType":1,"x":-551,"y":-157},{"fishType":1,"x":-530,"y":-184},{"fishType":1,"x":-505,"y":-205},{"fishType":1,"x":-486,"y":-224},{"fishType":1,"x":-458,"y":-242},{"fishType":1,"x":-418,"y":-258},{"fishType":1,"x":-391,"y":-273},{"fishType":1,"x":-354,"y":-280},{"fishType":1,"x":-320,"y":-286},{"fishType":1,"x":-284,"y":-286},{"fishType":1,"x":-246,"y":-286},{"fishType":1,"x":-207,"y":-282},{"fishType":1,"x":-172,"y":-274},{"fishType":1,"x":-141,"y":-265},{"fishType":1,"x":-116,"y":-252},{"fishType":1,"x":-86,"y":-234},{"fishType":1,"x":-57,"y":-213},{"fishType":1,"x":-37,"y":-193},{"fishType":1,"x":-15,"y":-170},{"fishType":1,"x":3,"y":-145},{"fishType":1,"x":18,"y":-119},{"fishType":1,"x":39,"y":-93},{"fishType":1,"x":46,"y":-62},{"fishType":1,"x":63,"y":-29},{"fishType":1,"x":-2,"y":-14},{"fishType":1,"x":10,"y":-49},{"fishType":1,"x":13,"y":-78},{"fishType":1,"x":28,"y":-105},{"fishType":1,"x":47,"y":-133},{"fishType":1,"x":61,"y":-157},{"fishType":1,"x":81,"y":-182},{"fishType":1,"x":103,"y":-204},{"fishType":1,"x":133,"y":-222},{"fishType":1,"x":153,"y":-240},{"fishType":1,"x":180,"y":-258},{"fishType":1,"x":211,"y":-268},{"fishType":1,"x":241,"y":-277},{"fishType":1,"x":276,"y":-283},{"fishType":1,"x":315,"y":-284},{"fishType":1,"x":358,"y":-280},{"fishType":1,"x":403,"y":-272},{"fishType":1,"x":437,"y":-264},{"fishType":1,"x":467,"y":-249},{"fishType":1,"x":493,"y":-233},{"fishType":1,"x":523,"y":-215},{"fishType":1,"x":8,"y":12},{"fishType":1,"x":15,"y":43},{"fishType":1,"x":22,"y":69},{"fishType":1,"x":35,"y":99},{"fishType":1,"x":54,"y":131},{"fishType":1,"x":74,"y":155},{"fishType":1,"x":94,"y":178},{"fishType":1,"x":117,"y":203},{"fishType":1,"x":141,"y":221},{"fishType":1,"x":169,"y":240},{"fishType":1,"x":201,"y":254},{"fishType":1,"x":229,"y":264},{"fishType":1,"x":201,"y":254},{"fishType":1,"x":258,"y":274},{"fishType":1,"x":289,"y":278},{"fishType":1,"x":319,"y":281},{"fishType":1,"x":355,"y":277},{"fishType":1,"x":390,"y":273},{"fishType":1,"x":428,"y":265},{"fishType":1,"x":460,"y":255},{"fishType":1,"x":488,"y":239},{"fishType":1,"x":514,"y":225},{"fishType":1,"x":537,"y":205},{"fishType":1,"x":561,"y":184},{"fishType":1,"x":580,"y":161},{"fishType":1,"x":593,"y":140},{"fishType":1,"x":614,"y":113},{"fishType":1,"x":624,"y":80},{"fishType":1,"x":631,"y":48},{"fishType":1,"x":637,"y":19},{"fishType":1,"x":637,"y":-14},{"fishType":1,"x":631,"y":-48},{"fishType":1,"x":623,"y":-74},{"fishType":1,"x":609,"y":-103},{"fishType":1,"x":593,"y":-130},{"fishType":1,"x":578,"y":-152},{"fishType":1,"x":558,"y":-171},{"fishType":1,"x":540,"y":-193},{"fishType":3,"x":-297,"y":13},{"fishType":3,"x":-292,"y":45},{"fishType":3,"x":-279,"y":74},{"fishType":3,"x":-268,"y":101},{"fishType":3,"x":-246,"y":124},{"fishType":3,"x":-229,"y":153},{"fishType":3,"x":-205,"y":178},{"fishType":3,"x":-189,"y":199},{"fishType":3,"x":-159,"y":220},{"fishType":3,"x":354,"y":-11},{"fishType":3,"x":348,"y":-40},{"fishType":3,"x":338,"y":-68},{"fishType":3,"x":330,"y":-96},{"fishType":3,"x":316,"y":-122},{"fishType":3,"x":316,"y":-122},{"fishType":3,"x":302,"y":-151},{"fishType":3,"x":280,"y":-175},{"fishType":3,"x":254,"y":-197},{"fishType":3,"x":233,"y":-217},{"fishType":3,"x":206,"y":-236},{"fishType":3,"x":184,"y":-257},{"fishType":3,"x":148,"y":-272},{"fishType":3,"x":117,"y":-283},{"fishType":3,"x":83,"y":-291},{"fishType":3,"x":45,"y":-297},{"fishType":3,"x":9,"y":-298},{"fishType":3,"x":-32,"y":-297},{"fishType":3,"x":-74,"y":-292},{"fishType":3,"x":-104,"y":-283},{"fishType":3,"x":-135,"y":-262},{"fishType":3,"x":-157,"y":-243},{"fishType":3,"x":-180,"y":-227},{"fishType":3,"x":-200,"y":-209},{"fishType":3,"x":-215,"y":-193},{"fishType":3,"x":-236,"y":-170},{"fishType":3,"x":-256,"y":-144},{"fishType":3,"x":-275,"y":-114},{"fishType":3,"x":-286,"y":-82},{"fishType":3,"x":-295,"y":-50},{"fishType":3,"x":-300,"y":-20},{"fishType":3,"x":-130,"y":239},{"fishType":3,"x":-97,"y":255},{"fishType":3,"x":-58,"y":267},{"fishType":3,"x":-15,"y":274},{"fishType":3,"x":18,"y":280},{"fishType":3,"x":55,"y":276},{"fishType":3,"x":92,"y":269},{"fishType":3,"x":130,"y":256},{"fishType":3,"x":350,"y":17},{"fishType":3,"x":340,"y":50},{"fishType":3,"x":332,"y":76},{"fishType":3,"x":320,"y":105},{"fishType":3,"x":303,"y":130},{"fishType":3,"x":283,"y":156},{"fishType":3,"x":257,"y":181},{"fishType":3,"x":234,"y":204},{"fishType":3,"x":199,"y":227},{"fishType":3,"x":164,"y":244},{"fishType":8,"x":-242,"y":235},{"fishType":8,"x":-296,"y":231},{"fishType":8,"x":-341,"y":220},{"fishType":8,"x":-376,"y":204},{"fishType":8,"x":-419,"y":183},{"fishType":8,"x":-445,"y":157},{"fishType":8,"x":-476,"y":127},{"fishType":8,"x":-502,"y":87},{"fishType":8,"x":-523,"y":47},{"fishType":8,"x":-539,"y":7},{"fishType":8,"x":-543,"y":-37},{"fishType":8,"x":-534,"y":-74},{"fishType":8,"x":-522,"y":-109},{"fishType":8,"x":-491,"y":-144},{"fishType":8,"x":-460,"y":-184},{"fishType":8,"x":-429,"y":-211},{"fishType":8,"x":-389,"y":-239},{"fishType":8,"x":-344,"y":-257},{"fishType":8,"x":-289,"y":-267},{"fishType":8,"x":-241,"y":-268},{"fishType":8,"x":230,"y":-255},{"fishType":8,"x":284,"y":-254},{"fishType":8,"x":332,"y":-247},{"fishType":8,"x":376,"y":-233},{"fishType":8,"x":410,"y":-213},{"fishType":8,"x":457,"y":-185},{"fishType":8,"x":477,"y":-151},{"fishType":8,"x":494,"y":-123},{"fishType":8,"x":508,"y":-88},{"fishType":8,"x":518,"y":-47},{"fishType":8,"x":524,"y":-14},{"fishType":8,"x":519,"y":26},{"fishType":8,"x":503,"y":63},{"fishType":8,"x":485,"y":93},{"fishType":8,"x":457,"y":128},{"fishType":8,"x":423,"y":158},{"fishType":8,"x":390,"y":181},{"fishType":8,"x":352,"y":197},{"fishType":8,"x":318,"y":210},{"fishType":8,"x":274,"y":217},{"fishType":15,"x":-161,"y":85},{"fishType":15,"x":-167,"y":-90},{"fishType":15,"x":131,"y":76},{"fishType":15,"x":128,"y":-89}]}