{"speed":80,"paths":[-1350,0,1350,0],"fishs":[{"fishType":1,"x":-289,"y":125},{"fishType":1,"x":-307,"y":124},{"fishType":1,"x":-324,"y":120},{"fishType":1,"x":-344,"y":118},{"fishType":1,"x":-364,"y":116},{"fishType":1,"x":-385,"y":112},{"fishType":1,"x":-408,"y":108},{"fishType":1,"x":-410,"y":99},{"fishType":1,"x":-406,"y":95},{"fishType":1,"x":-404,"y":89},{"fishType":1,"x":-398,"y":84},{"fishType":1,"x":-394,"y":80},{"fishType":1,"x":-389,"y":76},{"fishType":1,"x":-345,"y":111},{"fishType":1,"x":-345,"y":103},{"fishType":1,"x":-345,"y":97},{"fishType":1,"x":-346,"y":91},{"fishType":1,"x":-346,"y":85},{"fishType":1,"x":-346,"y":77},{"fishType":1,"x":-346,"y":71},{"fishType":1,"x":-360,"y":71},{"fishType":1,"x":-342,"y":72},{"fishType":1,"x":-334,"y":70},{"fishType":1,"x":-323,"y":70},{"fishType":1,"x":-317,"y":70},{"fishType":1,"x":-295,"y":47},{"fishType":1,"x":-301,"y":46},{"fishType":1,"x":-312,"y":45},{"fishType":1,"x":-325,"y":45},{"fishType":1,"x":-334,"y":45},{"fishType":1,"x":-346,"y":45},{"fishType":1,"x":-358,"y":45},{"fishType":1,"x":-372,"y":44},{"fishType":1,"x":-385,"y":45},{"fishType":1,"x":-396,"y":45},{"fishType":1,"x":-407,"y":45},{"fishType":1,"x":-416,"y":45},{"fishType":1,"x":-348,"y":33},{"fishType":1,"x":-348,"y":33},{"fishType":1,"x":-348,"y":27},{"fishType":1,"x":-348,"y":22},{"fishType":1,"x":-349,"y":17},{"fishType":1,"x":-349,"y":11},{"fishType":1,"x":-349,"y":11},{"fishType":1,"x":-349,"y":4},{"fishType":1,"x":-349,"y":-1},{"fishType":1,"x":-349,"y":-10},{"fishType":1,"x":-349,"y":-15},{"fishType":1,"x":-349,"y":-22},{"fishType":1,"x":-348,"y":-29},{"fishType":1,"x":-348,"y":-35},{"fishType":1,"x":-348,"y":-42},{"fishType":1,"x":-350,"y":-49},{"fishType":1,"x":-350,"y":-56},{"fishType":1,"x":-350,"y":-61},{"fishType":1,"x":-350,"y":-67},{"fishType":1,"x":-350,"y":-73},{"fishType":1,"x":-350,"y":-79},{"fishType":1,"x":-350,"y":-86},{"fishType":1,"x":-350,"y":-92},{"fishType":1,"x":-296,"y":0},{"fishType":1,"x":-307,"y":1},{"fishType":1,"x":-320,"y":0},{"fishType":1,"x":-329,"y":0},{"fishType":1,"x":-340,"y":-2},{"fishType":1,"x":-355,"y":-2},{"fishType":1,"x":-365,"y":-1},{"fishType":1,"x":-375,"y":0},{"fishType":1,"x":-378,"y":0},{"fishType":1,"x":-298,"y":-94},{"fishType":1,"x":-311,"y":-96},{"fishType":1,"x":-324,"y":-96},{"fishType":1,"x":-339,"y":-96},{"fishType":1,"x":-355,"y":-96},{"fishType":1,"x":-368,"y":-94},{"fishType":1,"x":-368,"y":-94},{"fishType":1,"x":-382,"y":-96},{"fishType":1,"x":-394,"y":-94},{"fishType":1,"x":-407,"y":-94},{"fishType":1,"x":-418,"y":-94},{"fishType":1,"x":-432,"y":-98},{"fishType":1,"x":-432,"y":-92},{"fishType":1,"x":-433,"y":-87},{"fishType":1,"x":-433,"y":-81},{"fishType":1,"x":-434,"y":-73},{"fishType":1,"x":-434,"y":-69},{"fishType":1,"x":-434,"y":-64},{"fishType":1,"x":-434,"y":-57},{"fishType":1,"x":-433,"y":-52},{"fishType":1,"x":-434,"y":-44},{"fishType":1,"x":-410,"y":42},{"fishType":1,"x":-411,"y":36},{"fishType":1,"x":-416,"y":32},{"fishType":1,"x":-417,"y":25},{"fishType":1,"x":-420,"y":18},{"fishType":1,"x":-422,"y":10},{"fishType":1,"x":-426,"y":4},{"fishType":1,"x":-429,"y":-3},{"fishType":1,"x":-436,"y":-8},{"fishType":1,"x":-439,"y":-14},{"fishType":1,"x":-443,"y":-18},{"fishType":1,"x":-449,"y":-23},{"fishType":1,"x":-455,"y":-32},{"fishType":1,"x":-464,"y":-38},{"fishType":1,"x":-464,"y":-45},{"fishType":1,"x":-464,"y":-45},{"fishType":1,"x":-310,"y":76},{"fishType":1,"x":-304,"y":83},{"fishType":1,"x":-300,"y":89},{"fishType":1,"x":-296,"y":95},{"fishType":1,"x":-293,"y":102},{"fishType":1,"x":-289,"y":108},{"fishType":1,"x":-285,"y":115},{"fishType":1,"x":-280,"y":122},{"fishType":1,"x":-278,"y":128},{"fishType":1,"x":-287,"y":-94},{"fishType":1,"x":-274,"y":-94},{"fishType":1,"x":-263,"y":-92},{"fishType":1,"x":-263,"y":-85},{"fishType":1,"x":-260,"y":-79},{"fishType":1,"x":-258,"y":-75},{"fishType":1,"x":-259,"y":-70},{"fishType":1,"x":-259,"y":-65},{"fishType":1,"x":-260,"y":-59},{"fishType":1,"x":-260,"y":-54},{"fishType":1,"x":-481,"y":61},{"fishType":1,"x":-491,"y":62},{"fishType":1,"x":-502,"y":62},{"fishType":1,"x":-516,"y":64},{"fishType":1,"x":-528,"y":64},{"fishType":1,"x":-541,"y":65},{"fishType":1,"x":-554,"y":66},{"fishType":1,"x":-564,"y":65},{"fishType":1,"x":-575,"y":65},{"fishType":1,"x":-587,"y":65},{"fishType":1,"x":-597,"y":65},{"fishType":1,"x":-611,"y":65},{"fishType":1,"x":-498,"y":106},{"fishType":1,"x":-498,"y":96},{"fishType":1,"x":-498,"y":85},{"fishType":1,"x":-499,"y":78},{"fishType":1,"x":-499,"y":68},{"fishType":1,"x":-499,"y":60},{"fishType":1,"x":-503,"y":52},{"fishType":1,"x":-503,"y":38},{"fishType":1,"x":-503,"y":29},{"fishType":1,"x":-503,"y":20},{"fishType":1,"x":-503,"y":10},{"fishType":1,"x":-505,"y":1},{"fishType":1,"x":-506,"y":-10},{"fishType":1,"x":-507,"y":-20},{"fishType":1,"x":-507,"y":-31},{"fishType":1,"x":-509,"y":-40},{"fishType":1,"x":-509,"y":-40},{"fishType":1,"x":-513,"y":-48},{"fishType":1,"x":-511,"y":-56},{"fishType":1,"x":-511,"y":-62},{"fishType":1,"x":-511,"y":-71},{"fishType":1,"x":-511,"y":-71},{"fishType":1,"x":-511,"y":-71},{"fishType":1,"x":-511,"y":-79},{"fishType":1,"x":-511,"y":-86},{"fishType":1,"x":-511,"y":-95},{"fishType":1,"x":-512,"y":-103},{"fishType":1,"x":-511,"y":-109},{"fishType":1,"x":-539,"y":-107},{"fishType":1,"x":-554,"y":-91},{"fishType":1,"x":-480,"y":27},{"fishType":1,"x":-486,"y":17},{"fishType":1,"x":-493,"y":12},{"fishType":1,"x":-501,"y":8},{"fishType":1,"x":-513,"y":1},{"fishType":1,"x":-526,"y":-5},{"fishType":1,"x":-513,"y":1},{"fishType":1,"x":-528,"y":-8},{"fishType":1,"x":-541,"y":-12},{"fishType":1,"x":-553,"y":-17},{"fishType":1,"x":-566,"y":-25},{"fishType":1,"x":-582,"y":-29},{"fishType":1,"x":-593,"y":-34},{"fishType":1,"x":112,"y":132},{"fishType":1,"x":130,"y":115},{"fishType":1,"x":135,"y":80},{"fishType":1,"x":115,"y":80},{"fishType":1,"x":96,"y":81},{"fishType":1,"x":80,"y":81},{"fishType":1,"x":60,"y":81},{"fishType":1,"x":44,"y":80},{"fishType":1,"x":151,"y":-92},{"fishType":1,"x":148,"y":-80},{"fishType":1,"x":144,"y":-75},{"fishType":1,"x":140,"y":-64},{"fishType":1,"x":135,"y":-54},{"fishType":1,"x":131,"y":-43},{"fishType":1,"x":121,"y":-31},{"fishType":1,"x":114,"y":-19},{"fishType":1,"x":111,"y":-11},{"fishType":1,"x":106,"y":0},{"fishType":1,"x":101,"y":10},{"fishType":1,"x":100,"y":19},{"fishType":1,"x":95,"y":31},{"fishType":1,"x":92,"y":42},{"fishType":1,"x":88,"y":52},{"fishType":1,"x":88,"y":52},{"fishType":1,"x":84,"y":66},{"fishType":1,"x":80,"y":77},{"fishType":1,"x":77,"y":89},{"fishType":1,"x":73,"y":101},{"fishType":1,"x":68,"y":110},{"fishType":1,"x":61,"y":124},{"fishType":1,"x":128,"y":36},{"fishType":1,"x":156,"y":20},{"fishType":1,"x":152,"y":11},{"fishType":1,"x":143,"y":-1},{"fishType":1,"x":135,"y":-11},{"fishType":1,"x":123,"y":-23},{"fishType":1,"x":112,"y":-31},{"fishType":1,"x":102,"y":-42},{"fishType":1,"x":93,"y":-51},{"fishType":1,"x":82,"y":-58},{"fishType":1,"x":72,"y":-66},{"fishType":1,"x":64,"y":-71},{"fishType":1,"x":-114,"y":15},{"fishType":1,"x":-114,"y":15},{"fishType":1,"x":-111,"y":27},{"fishType":1,"x":-105,"y":37},{"fishType":1,"x":-97,"y":45},{"fishType":1,"x":-97,"y":45},{"fishType":1,"x":-92,"y":57},{"fishType":1,"x":-84,"y":66},{"fishType":1,"x":-82,"y":77},{"fishType":1,"x":-72,"y":85},{"fishType":1,"x":-68,"y":97},{"fishType":1,"x":-62,"y":103},{"fishType":1,"x":-34,"y":105},{"fishType":1,"x":-20,"y":96},{"fishType":1,"x":-13,"y":85},{"fishType":1,"x":-7,"y":77},{"fishType":1,"x":2,"y":67},{"fishType":1,"x":14,"y":57},{"fishType":1,"x":21,"y":48},{"fishType":1,"x":29,"y":38},{"fishType":1,"x":35,"y":30},{"fishType":1,"x":42,"y":23},{"fishType":1,"x":-1,"y":-59},{"fishType":1,"x":-8,"y":-69},{"fishType":1,"x":-12,"y":-75},{"fishType":1,"x":-23,"y":-83},{"fishType":1,"x":-36,"y":-93},{"fishType":1,"x":-38,"y":-81},{"fishType":1,"x":-38,"y":-73},{"fishType":1,"x":-36,"y":-61},{"fishType":1,"x":-36,"y":-52},{"fishType":1,"x":-36,"y":-44},{"fishType":1,"x":-34,"y":-33},{"fishType":1,"x":-34,"y":-25},{"fishType":1,"x":-35,"y":-12},{"fishType":1,"x":-35,"y":0},{"fishType":1,"x":-35,"y":8},{"fishType":1,"x":-35,"y":19},{"fishType":1,"x":-35,"y":29},{"fishType":1,"x":-36,"y":38},{"fishType":1,"x":-36,"y":49},{"fishType":1,"x":-36,"y":64},{"fishType":1,"x":-36,"y":73},{"fishType":1,"x":-36,"y":81},{"fishType":1,"x":-36,"y":91},{"fishType":1,"x":-27,"y":18},{"fishType":1,"x":-46,"y":19},{"fishType":1,"x":-60,"y":19},{"fishType":1,"x":673,"y":82},{"fishType":1,"x":651,"y":82},{"fishType":1,"x":634,"y":81},{"fishType":1,"x":616,"y":81},{"fishType":1,"x":596,"y":82},{"fishType":1,"x":581,"y":82},{"fishType":1,"x":564,"y":83},{"fishType":1,"x":544,"y":82},{"fishType":1,"x":602,"y":-69},{"fishType":1,"x":612,"y":-87},{"fishType":1,"x":651,"y":-93},{"fishType":1,"x":651,"y":-81},{"fishType":1,"x":651,"y":-81},{"fishType":1,"x":654,"y":-68},{"fishType":1,"x":655,"y":-55},{"fishType":1,"x":651,"y":-44},{"fishType":1,"x":653,"y":-33},{"fishType":1,"x":654,"y":-21},{"fishType":1,"x":655,"y":-11},{"fishType":1,"x":655,"y":0},{"fishType":1,"x":655,"y":13},{"fishType":1,"x":655,"y":23},{"fishType":1,"x":655,"y":34},{"fishType":1,"x":657,"y":47},{"fishType":1,"x":655,"y":59},{"fishType":1,"x":654,"y":71},{"fishType":1,"x":653,"y":79},{"fishType":1,"x":653,"y":89},{"fishType":1,"x":653,"y":100},{"fishType":1,"x":652,"y":110},{"fishType":1,"x":651,"y":124},{"fishType":1,"x":574,"y":37},{"fishType":1,"x":585,"y":21},{"fishType":1,"x":512,"y":-3},{"fishType":1,"x":497,"y":9},{"fishType":1,"x":485,"y":22},{"fishType":1,"x":468,"y":34},{"fishType":1,"x":456,"y":47},{"fishType":1,"x":477,"y":48},{"fishType":1,"x":493,"y":48},{"fishType":1,"x":509,"y":48},{"fishType":1,"x":504,"y":33},{"fishType":1,"x":485,"y":21},{"fishType":1,"x":471,"y":10},{"fishType":1,"x":459,"y":-1},{"fishType":1,"x":357,"y":-93},{"fishType":1,"x":357,"y":-82},{"fishType":1,"x":358,"y":-69},{"fishType":1,"x":357,"y":-60},{"fishType":1,"x":359,"y":-48},{"fishType":1,"x":359,"y":-37},{"fishType":1,"x":360,"y":-26},{"fishType":1,"x":360,"y":-17},{"fishType":1,"x":360,"y":-5},{"fishType":1,"x":361,"y":7},{"fishType":1,"x":360,"y":21},{"fishType":1,"x":362,"y":34},{"fishType":1,"x":362,"y":46},{"fishType":1,"x":362,"y":59},{"fishType":1,"x":362,"y":70},{"fishType":1,"x":360,"y":80},{"fishType":1,"x":360,"y":91},{"fishType":1,"x":360,"y":101},{"fishType":1,"x":360,"y":113},{"fishType":1,"x":359,"y":124},{"fishType":1,"x":450,"y":-25},{"fishType":1,"x":443,"y":-14},{"fishType":1,"x":435,"y":-5},{"fishType":1,"x":425,"y":5},{"fishType":1,"x":415,"y":15},{"fishType":1,"x":406,"y":26},{"fishType":1,"x":399,"y":37},{"fishType":1,"x":391,"y":45},{"fishType":1,"x":377,"y":54},{"fishType":1,"x":414,"y":82},{"fishType":1,"x":395,"y":83},{"fishType":1,"x":377,"y":82},{"fishType":1,"x":358,"y":83},{"fishType":1,"x":342,"y":82},{"fishType":1,"x":325,"y":82},{"fishType":1,"x":306,"y":82},{"fishType":1,"x":287,"y":81},{"fishType":1,"x":274,"y":-24},{"fishType":1,"x":280,"y":-14},{"fishType":1,"x":288,"y":-7},{"fishType":1,"x":295,"y":2},{"fishType":1,"x":302,"y":13},{"fishType":1,"x":309,"y":23},{"fishType":1,"x":316,"y":33},{"fishType":1,"x":323,"y":42},{"fishType":1,"x":334,"y":53},{"fishType":1,"x":344,"y":62},{"fishType":17,"x":522,"y":253},{"fishType":17,"x":515,"y":-207},{"fishType":100,"x":30,"y":234},{"fishType":100,"x":25,"y":-226},{"fishType":20,"x":-416,"y":242},{"fishType":20,"x":-425,"y":-234},{"fishType":1,"x":-32,"y":-11},{"fishType":1,"x":-42,"y":-11},{"fishType":1,"x":-52,"y":-11}]}