{"speed":80,"paths":[-1100,0,1100,0],"fishs":[{"fishType":1,"x":-324,"y":186},{"fishType":1,"x":-317,"y":202},{"fishType":1,"x":-301,"y":218},{"fishType":1,"x":-290,"y":232},{"fishType":1,"x":-275,"y":247},{"fishType":1,"x":-264,"y":261},{"fishType":1,"x":-249,"y":274},{"fishType":1,"x":-231,"y":286},{"fishType":1,"x":-216,"y":296},{"fishType":1,"x":-198,"y":305},{"fishType":1,"x":-185,"y":319},{"fishType":1,"x":-170,"y":327},{"fishType":1,"x":-151,"y":334},{"fishType":1,"x":-134,"y":341},{"fishType":1,"x":-114,"y":348},{"fishType":1,"x":-95,"y":353},{"fishType":1,"x":-76,"y":359},{"fishType":1,"x":-54,"y":362},{"fishType":1,"x":-29,"y":366},{"fishType":1,"x":-10,"y":367},{"fishType":1,"x":12,"y":365},{"fishType":1,"x":35,"y":359},{"fishType":1,"x":58,"y":355},{"fishType":1,"x":79,"y":349},{"fishType":1,"x":97,"y":342},{"fishType":1,"x":114,"y":338},{"fishType":1,"x":136,"y":330},{"fishType":1,"x":154,"y":323},{"fishType":1,"x":170,"y":313},{"fishType":1,"x":188,"y":303},{"fishType":1,"x":205,"y":291},{"fishType":1,"x":218,"y":280},{"fishType":1,"x":233,"y":267},{"fishType":1,"x":247,"y":252},{"fishType":1,"x":261,"y":238},{"fishType":1,"x":272,"y":224},{"fishType":1,"x":285,"y":208},{"fishType":1,"x":296,"y":192},{"fishType":1,"x":306,"y":176},{"fishType":1,"x":314,"y":158},{"fishType":1,"x":323,"y":141},{"fishType":1,"x":330,"y":122},{"fishType":1,"x":336,"y":105},{"fishType":1,"x":341,"y":86},{"fishType":1,"x":340,"y":66},{"fishType":1,"x":349,"y":48},{"fishType":1,"x":351,"y":29},{"fishType":1,"x":352,"y":10},{"fishType":1,"x":350,"y":-9},{"fishType":1,"x":351,"y":-27},{"fishType":1,"x":350,"y":-48},{"fishType":1,"x":346,"y":-67},{"fishType":1,"x":343,"y":-86},{"fishType":1,"x":338,"y":-105},{"fishType":1,"x":333,"y":-123},{"fishType":1,"x":325,"y":-141},{"fishType":1,"x":318,"y":-158},{"fishType":1,"x":309,"y":-175},{"fishType":1,"x":300,"y":-192},{"fishType":1,"x":290,"y":-207},{"fishType":1,"x":277,"y":-223},{"fishType":1,"x":265,"y":-239},{"fishType":1,"x":254,"y":-254},{"fishType":1,"x":240,"y":-266},{"fishType":1,"x":224,"y":-278},{"fishType":1,"x":211,"y":-291},{"fishType":1,"x":178,"y":-310},{"fishType":1,"x":0,"y":9},{"fishType":1,"x":161,"y":-316},{"fishType":1,"x":142,"y":-321},{"fishType":1,"x":128,"y":-328},{"fishType":1,"x":113,"y":-333},{"fishType":1,"x":99,"y":-339},{"fishType":1,"x":79,"y":-343},{"fishType":1,"x":50,"y":-351},{"fishType":1,"x":-51,"y":-361},{"fishType":1,"x":0,"y":-359},{"fishType":1,"x":-31,"y":-361},{"fishType":1,"x":-212,"y":-302},{"fishType":1,"x":-196,"y":-311},{"fishType":1,"x":-180,"y":-322},{"fishType":1,"x":-167,"y":-332},{"fishType":1,"x":-148,"y":-339},{"fishType":1,"x":-129,"y":-348},{"fishType":1,"x":-107,"y":-354},{"fishType":1,"x":-83,"y":-359},{"fishType":1,"x":29,"y":-356},{"fishType":1,"x":-226,"y":-291},{"fishType":1,"x":-242,"y":-281},{"fishType":1,"x":-256,"y":-268},{"fishType":1,"x":-270,"y":-255},{"fishType":1,"x":-283,"y":-240},{"fishType":1,"x":-296,"y":-226},{"fishType":1,"x":-309,"y":-211},{"fishType":1,"x":-317,"y":-195},{"fishType":1,"x":-326,"y":-179},{"fishType":1,"x":-340,"y":-161},{"fishType":1,"x":-348,"y":-142},{"fishType":1,"x":-355,"y":-126},{"fishType":1,"x":-360,"y":-106},{"fishType":1,"x":-366,"y":-89},{"fishType":1,"x":-368,"y":-71},{"fishType":1,"x":-373,"y":-52},{"fishType":1,"x":-376,"y":-33},{"fishType":1,"x":-378,"y":-13},{"fishType":1,"x":-380,"y":5},{"fishType":1,"x":-377,"y":23},{"fishType":1,"x":-376,"y":43},{"fishType":1,"x":-373,"y":63},{"fishType":1,"x":-369,"y":80},{"fishType":1,"x":-364,"y":99},{"fishType":1,"x":-359,"y":117},{"fishType":1,"x":-352,"y":135},{"fishType":1,"x":-344,"y":152},{"fishType":1,"x":-336,"y":171},{"fishType":3,"x":76,"y":-223},{"fishType":3,"x":46,"y":-193},{"fishType":3,"x":31,"y":-156},{"fishType":3,"x":36,"y":-124},{"fishType":3,"x":53,"y":-91},{"fishType":3,"x":83,"y":-63},{"fishType":3,"x":127,"y":-54},{"fishType":3,"x":168,"y":-59},{"fishType":3,"x":195,"y":-84},{"fishType":3,"x":220,"y":-113},{"fishType":3,"x":233,"y":-140},{"fishType":3,"x":232,"y":-175},{"fishType":3,"x":216,"y":-207},{"fishType":3,"x":182,"y":-229},{"fishType":3,"x":145,"y":-239},{"fishType":3,"x":105,"y":-240},{"fishType":5,"x":-56,"y":-133},{"fishType":5,"x":-59,"y":-164},{"fishType":5,"x":-78,"y":-194},{"fishType":5,"x":-105,"y":-216},{"fishType":5,"x":-127,"y":-227},{"fishType":5,"x":-172,"y":-232},{"fishType":5,"x":-202,"y":-218},{"fishType":5,"x":-235,"y":-188},{"fishType":5,"x":-254,"y":-147},{"fishType":5,"x":-253,"y":-109},{"fishType":5,"x":-241,"y":-72},{"fishType":5,"x":-205,"y":-51},{"fishType":5,"x":-151,"y":-44},{"fishType":5,"x":-106,"y":-66},{"fishType":5,"x":-84,"y":-91},{"fishType":5,"x":-64,"y":-108},{"fishType":4,"x":-152,"y":246},{"fishType":4,"x":-114,"y":234},{"fishType":4,"x":-87,"y":211},{"fishType":4,"x":-65,"y":175},{"fishType":4,"x":-53,"y":139},{"fishType":4,"x":-192,"y":240},{"fishType":4,"x":-222,"y":221},{"fishType":4,"x":-251,"y":195},{"fishType":4,"x":-271,"y":160},{"fishType":4,"x":-269,"y":124},{"fishType":4,"x":-248,"y":86},{"fishType":4,"x":-222,"y":58},{"fishType":4,"x":-186,"y":42},{"fishType":4,"x":-140,"y":36},{"fishType":4,"x":-96,"y":43},{"fishType":4,"x":-62,"y":64},{"fishType":4,"x":-42,"y":101},{"fishType":2,"x":26,"y":129},{"fishType":2,"x":26,"y":151},{"fishType":2,"x":31,"y":175},{"fishType":2,"x":37,"y":196},{"fishType":2,"x":54,"y":215},{"fishType":2,"x":74,"y":234},{"fishType":2,"x":108,"y":244},{"fishType":2,"x":137,"y":246},{"fishType":2,"x":161,"y":243},{"fishType":2,"x":187,"y":233},{"fishType":2,"x":200,"y":220},{"fishType":2,"x":216,"y":206},{"fishType":2,"x":229,"y":186},{"fishType":2,"x":229,"y":166},{"fishType":2,"x":235,"y":140},{"fishType":2,"x":233,"y":118},{"fishType":2,"x":226,"y":102},{"fishType":2,"x":213,"y":81},{"fishType":2,"x":197,"y":64},{"fishType":2,"x":176,"y":50},{"fishType":2,"x":161,"y":41},{"fishType":2,"x":135,"y":35},{"fishType":2,"x":104,"y":35},{"fishType":2,"x":77,"y":51},{"fishType":2,"x":55,"y":64},{"fishType":2,"x":42,"y":83},{"fishType":2,"x":29,"y":106},{"fishType":6,"x":-14,"y":102},{"fishType":6,"x":24,"y":99},{"fishType":6,"x":67,"y":70},{"fishType":6,"x":95,"y":44},{"fishType":6,"x":98,"y":14},{"fishType":6,"x":86,"y":-21},{"fishType":6,"x":73,"y":-45},{"fishType":6,"x":57,"y":-76},{"fishType":6,"x":11,"y":-86},{"fishType":6,"x":-31,"y":-84},{"fishType":6,"x":-70,"y":-72},{"fishType":6,"x":-102,"y":-36},{"fishType":6,"x":-105,"y":16},{"fishType":6,"x":-84,"y":57},{"fishType":6,"x":-55,"y":91},{"fishType":20,"x":-134,"y":141},{"fishType":20,"x":135,"y":141},{"fishType":20,"x":-140,"y":-129},{"fishType":20,"x":141,"y":-143}]}