{"speed":-80,"paths":[1300,0,-1300,0],"fishs":[{"fishType":11,"x":-426,"y":28},{"fishType":11,"x":-427,"y":-84},{"fishType":2,"x":-371,"y":61},{"fishType":2,"x":-373,"y":34},{"fishType":2,"x":-378,"y":-5},{"fishType":2,"x":-379,"y":-47},{"fishType":2,"x":-376,"y":-81},{"fishType":2,"x":-377,"y":-123},{"fishType":2,"x":-334,"y":-123},{"fishType":2,"x":-293,"y":-122},{"fishType":2,"x":-251,"y":-122},{"fishType":2,"x":-217,"y":-123},{"fishType":2,"x":-176,"y":-124},{"fishType":2,"x":-131,"y":-124},{"fishType":2,"x":-90,"y":-124},{"fishType":2,"x":-59,"y":-124},{"fishType":2,"x":-20,"y":-124},{"fishType":2,"x":18,"y":-124},{"fishType":2,"x":52,"y":-124},{"fishType":2,"x":94,"y":-123},{"fishType":2,"x":129,"y":-124},{"fishType":2,"x":172,"y":-125},{"fishType":2,"x":205,"y":-125},{"fishType":2,"x":244,"y":-125},{"fishType":2,"x":285,"y":-127},{"fishType":2,"x":317,"y":-128},{"fishType":2,"x":344,"y":-115},{"fishType":2,"x":345,"y":-76},{"fishType":2,"x":348,"y":-44},{"fishType":2,"x":350,"y":-2},{"fishType":2,"x":354,"y":35},{"fishType":2,"x":332,"y":55},{"fishType":2,"x":288,"y":52},{"fishType":2,"x":255,"y":51},{"fishType":2,"x":217,"y":55},{"fishType":2,"x":199,"y":89},{"fishType":2,"x":184,"y":125},{"fishType":2,"x":158,"y":144},{"fishType":2,"x":113,"y":145},{"fishType":2,"x":81,"y":145},{"fishType":2,"x":42,"y":147},{"fishType":2,"x":-1,"y":146},{"fishType":2,"x":-34,"y":147},{"fishType":2,"x":-76,"y":149},{"fishType":2,"x":-111,"y":149},{"fishType":2,"x":-151,"y":149},{"fishType":2,"x":-191,"y":147},{"fishType":2,"x":-206,"y":109},{"fishType":2,"x":-224,"y":76},{"fishType":2,"x":-252,"y":56},{"fishType":2,"x":-290,"y":58},{"fishType":2,"x":-329,"y":62},{"fishType":20,"x":434,"y":-93},{"fishType":20,"x":547,"y":-94},{"fishType":17,"x":44,"y":-23},{"fishType":10,"x":-256,"y":-23},{"fishType":10,"x":279,"y":-33},{"fishType":6,"x":-123,"y":100},{"fishType":6,"x":-15,"y":99},{"fishType":6,"x":91,"y":96}]}