{
"texture":"bowen.png",
"tangentialAcceleration":0
,"maxRadiusVariance":30
,"speed":0
,"blendFactorDestination":"oneMinusSourceAlpha"
,"minRadius":20
,"endRed":255
,"minRadiusVariance":10
,"startSize":80
,"rotatePerSecond":30
,"startSizeVariance":0
,"startBlueVariance":0
,"rotatePerSecondVariance":10
,"endSize":130
,"engGreenVariance":0
,"emitterVariance":{"x":0,"y":0}
,"endSizeVariance":0
,"endBlueVariance":0
,"emitAngle":0
,"tangentialAccelerationVariance":0
,"emitAngleVariance":0
,"startRotation":0
,"radialAccelerationVariance":0
,"emitter":{"x":0,"y":0}
,"startRotationVariance":0
,"startAlphaVariance":0
,"endAlphaVariance":0
,"gravity":{"x":0,"y":0}
,"endAlpha":0.13725490196078433
,"endRotationVariance":0
,"lifespan":400
,"startRedVariance":0
,"endBlue":255
,"speedVariance":0
,"startGreen":255
,"endGreen":255
,"endRedVariance":0
,"radialAcceleration":0
,"maxParticles":2
,"emitterType":0
,"duration":400
,"lifespanVariance":0
,"blendFactorSource":"one"
,"startGreenVariance":0
,"startAlpha":0.19607843137254902
,"endRotation":0
,"startBlue":255
,"maxRadius":100
,"startRed":255
}