{
"texture":"fireLight.png",
"endGreen":255
,"startGreen":255
,"minRadiusVariance":10
,"startRedVariance":0
,"startRotation":0
,"duration":50
,"startRotationVariance":0
,"endBlueVariance":0
,"endAlpha":1
,"endRotation":0
,"endAlphaVariance":0
,"speed":0
,"endRotationVariance":0
,"startGreenVariance":0
,"startBlueVariance":0
,"emitAngleVariance":0
,"speedVariance":0
,"endRedVariance":0
,"maxParticles":1
,"startBlue":255
,"gravity":{"x":0,"y":0}
,"endBlue":255
,"blendFactorSource":"one"
,"startAlphaVariance":0
,"radialAcceleration":0
,"blendFactorDestination":"oneMinusSourceAlpha"
,"radialAccelerationVariance":0
,"tangentialAcceleration":0
,"endRed":255
,"tangentialAccelerationVariance":0
,"maxRadius":100
,"maxRadiusVariance":30
,"lifespan":50
,"minRadius":20
,"lifespanVariance":0
,"startRed":255
,"emitterType":0
,"engGreenVariance":0
,"rotatePerSecond":30
,"startSizeVariance":0
,"rotatePerSecondVariance":10
,"endSize":200
,"emitter":{"x":0,"y":0}
,"startSize":0
,"endSizeVariance":0
,"emitterVariance":{"x":0,"y":0}
,"emitAngle":0
,"startAlpha":1
}